root,case,robots,control_hz,repeat,deadline_ms,attainment_percent
serving_capacity_20260917,r12_hz20_rep0,12,20.0,0,156,0.0
serving_capacity_20260917,r12_hz20_rep0,12,20.0,0,200,0.0
serving_capacity_20260917,r12_hz20_rep0,12,20.0,0,250,0.625
serving_capacity_20260917,r12_hz20_rep0,12,20.0,0,500,18.333333333333332
serving_capacity_20260917,r12_hz20_rep0,12,20.0,0,1000,37.083333333333336
serving_capacity_20260917,r12_hz20_rep1,12,20.0,1,156,0.0
serving_capacity_20260917,r12_hz20_rep1,12,20.0,1,200,0.20833333333333334
serving_capacity_20260917,r12_hz20_rep1,12,20.0,1,250,2.7083333333333335
serving_capacity_20260917,r12_hz20_rep1,12,20.0,1,500,21.458333333333332
serving_capacity_20260917,r12_hz20_rep1,12,20.0,1,1000,38.541666666666664
serving_capacity_20260917,r12_hz20_rep2,12,20.0,2,156,0.0
serving_capacity_20260917,r12_hz20_rep2,12,20.0,2,200,0.0
serving_capacity_20260917,r12_hz20_rep2,12,20.0,2,250,1.6666666666666667
serving_capacity_20260917,r12_hz20_rep2,12,20.0,2,500,20.833333333333332
serving_capacity_20260917,r12_hz20_rep2,12,20.0,2,1000,37.916666666666664
serving_capacity_20260917,r12_hz20_rep3,12,20.0,3,156,0.0
serving_capacity_20260917,r12_hz20_rep3,12,20.0,3,200,0.0
serving_capacity_20260917,r12_hz20_rep3,12,20.0,3,250,1.0416666666666667
serving_capacity_20260917,r12_hz20_rep3,12,20.0,3,500,18.541666666666668
serving_capacity_20260917,r12_hz20_rep3,12,20.0,3,1000,37.916666666666664
serving_capacity_20260917,r12_hz20_rep4,12,20.0,4,156,0.0
serving_capacity_20260917,r12_hz20_rep4,12,20.0,4,200,0.0
serving_capacity_20260917,r12_hz20_rep4,12,20.0,4,250,1.4583333333333333
serving_capacity_20260917,r12_hz20_rep4,12,20.0,4,500,20.0
serving_capacity_20260917,r12_hz20_rep4,12,20.0,4,1000,38.333333333333336
serving_capacity_20260917,r16_hz20_rep0,16,20.0,0,156,0.0
serving_capacity_20260917,r16_hz20_rep0,16,20.0,0,200,0.0
serving_capacity_20260917,r16_hz20_rep0,16,20.0,0,250,0.3125
serving_capacity_20260917,r16_hz20_rep0,16,20.0,0,500,13.125
serving_capacity_20260917,r16_hz20_rep0,16,20.0,0,1000,28.125
serving_capacity_20260917,r16_hz20_rep1,16,20.0,1,156,0.0
serving_capacity_20260917,r16_hz20_rep1,16,20.0,1,200,0.15625
serving_capacity_20260917,r16_hz20_rep1,16,20.0,1,250,1.09375
serving_capacity_20260917,r16_hz20_rep1,16,20.0,1,500,15.0
serving_capacity_20260917,r16_hz20_rep1,16,20.0,1,1000,28.28125
serving_capacity_20260917,r16_hz20_rep2,16,20.0,2,156,0.0
serving_capacity_20260917,r16_hz20_rep2,16,20.0,2,200,0.0
serving_capacity_20260917,r16_hz20_rep2,16,20.0,2,250,0.3125
serving_capacity_20260917,r16_hz20_rep2,16,20.0,2,500,13.90625
serving_capacity_20260917,r16_hz20_rep2,16,20.0,2,1000,28.75
serving_capacity_20260917,r16_hz20_rep3,16,20.0,3,156,0.0
serving_capacity_20260917,r16_hz20_rep3,16,20.0,3,200,0.0
serving_capacity_20260917,r16_hz20_rep3,16,20.0,3,250,1.40625
serving_capacity_20260917,r16_hz20_rep3,16,20.0,3,500,16.09375
serving_capacity_20260917,r16_hz20_rep3,16,20.0,3,1000,28.4375
serving_capacity_20260917,r16_hz20_rep4,16,20.0,4,156,0.0
serving_capacity_20260917,r16_hz20_rep4,16,20.0,4,200,0.0
serving_capacity_20260917,r16_hz20_rep4,16,20.0,4,250,0.46875
serving_capacity_20260917,r16_hz20_rep4,16,20.0,4,500,14.0625
serving_capacity_20260917,r16_hz20_rep4,16,20.0,4,1000,28.4375
serving_capacity_20260917,r1_hz20_rep0,1,20.0,0,156,0.0
serving_capacity_20260917,r1_hz20_rep0,1,20.0,0,200,97.5
serving_capacity_20260917,r1_hz20_rep0,1,20.0,0,250,100.0
serving_capacity_20260917,r1_hz20_rep0,1,20.0,0,500,100.0
serving_capacity_20260917,r1_hz20_rep0,1,20.0,0,1000,100.0
serving_capacity_20260917,r1_hz20_rep1,1,20.0,1,156,0.0
serving_capacity_20260917,r1_hz20_rep1,1,20.0,1,200,100.0
serving_capacity_20260917,r1_hz20_rep1,1,20.0,1,250,100.0
serving_capacity_20260917,r1_hz20_rep1,1,20.0,1,500,100.0
serving_capacity_20260917,r1_hz20_rep1,1,20.0,1,1000,100.0
serving_capacity_20260917,r1_hz20_rep2,1,20.0,2,156,0.0
serving_capacity_20260917,r1_hz20_rep2,1,20.0,2,200,97.5
serving_capacity_20260917,r1_hz20_rep2,1,20.0,2,250,100.0
serving_capacity_20260917,r1_hz20_rep2,1,20.0,2,500,100.0
serving_capacity_20260917,r1_hz20_rep2,1,20.0,2,1000,100.0
serving_capacity_20260917,r1_hz20_rep3,1,20.0,3,156,0.0
serving_capacity_20260917,r1_hz20_rep3,1,20.0,3,200,100.0
serving_capacity_20260917,r1_hz20_rep3,1,20.0,3,250,100.0
serving_capacity_20260917,r1_hz20_rep3,1,20.0,3,500,100.0
serving_capacity_20260917,r1_hz20_rep3,1,20.0,3,1000,100.0
serving_capacity_20260917,r1_hz20_rep4,1,20.0,4,156,0.0
serving_capacity_20260917,r1_hz20_rep4,1,20.0,4,200,100.0
serving_capacity_20260917,r1_hz20_rep4,1,20.0,4,250,100.0
serving_capacity_20260917,r1_hz20_rep4,1,20.0,4,500,100.0
serving_capacity_20260917,r1_hz20_rep4,1,20.0,4,1000,100.0
serving_capacity_20260917,r2_hz20_rep0,2,20.0,0,156,0.0
serving_capacity_20260917,r2_hz20_rep0,2,20.0,0,200,48.75
serving_capacity_20260917,r2_hz20_rep0,2,20.0,0,250,50.0
serving_capacity_20260917,r2_hz20_rep0,2,20.0,0,500,100.0
serving_capacity_20260917,r2_hz20_rep0,2,20.0,0,1000,100.0
serving_capacity_20260917,r2_hz20_rep1,2,20.0,1,156,0.0
serving_capacity_20260917,r2_hz20_rep1,2,20.0,1,200,50.0
serving_capacity_20260917,r2_hz20_rep1,2,20.0,1,250,50.0
serving_capacity_20260917,r2_hz20_rep1,2,20.0,1,500,100.0
serving_capacity_20260917,r2_hz20_rep1,2,20.0,1,1000,100.0
serving_capacity_20260917,r2_hz20_rep2,2,20.0,2,156,0.0
serving_capacity_20260917,r2_hz20_rep2,2,20.0,2,200,100.0
serving_capacity_20260917,r2_hz20_rep2,2,20.0,2,250,100.0
serving_capacity_20260917,r2_hz20_rep2,2,20.0,2,500,100.0
serving_capacity_20260917,r2_hz20_rep2,2,20.0,2,1000,100.0
serving_capacity_20260917,r2_hz20_rep3,2,20.0,3,156,0.0
serving_capacity_20260917,r2_hz20_rep3,2,20.0,3,200,47.5
serving_capacity_20260917,r2_hz20_rep3,2,20.0,3,250,50.0
serving_capacity_20260917,r2_hz20_rep3,2,20.0,3,500,100.0
serving_capacity_20260917,r2_hz20_rep3,2,20.0,3,1000,100.0
serving_capacity_20260917,r2_hz20_rep4,2,20.0,4,156,0.0
serving_capacity_20260917,r2_hz20_rep4,2,20.0,4,200,100.0
serving_capacity_20260917,r2_hz20_rep4,2,20.0,4,250,100.0
serving_capacity_20260917,r2_hz20_rep4,2,20.0,4,500,100.0
serving_capacity_20260917,r2_hz20_rep4,2,20.0,4,1000,100.0
serving_capacity_20260917,r3_hz20_rep0,3,20.0,0,156,0.0
serving_capacity_20260917,r3_hz20_rep0,3,20.0,0,200,32.5
serving_capacity_20260917,r3_hz20_rep0,3,20.0,0,250,33.333333333333336
serving_capacity_20260917,r3_hz20_rep0,3,20.0,0,500,100.0
serving_capacity_20260917,r3_hz20_rep0,3,20.0,0,1000,100.0
serving_capacity_20260917,r3_hz20_rep1,3,20.0,1,156,0.0
serving_capacity_20260917,r3_hz20_rep1,3,20.0,1,200,33.333333333333336
serving_capacity_20260917,r3_hz20_rep1,3,20.0,1,250,33.333333333333336
serving_capacity_20260917,r3_hz20_rep1,3,20.0,1,500,100.0
serving_capacity_20260917,r3_hz20_rep1,3,20.0,1,1000,100.0
serving_capacity_20260917,r3_hz20_rep2,3,20.0,2,156,0.8333333333333334
serving_capacity_20260917,r3_hz20_rep2,3,20.0,2,200,61.666666666666664
serving_capacity_20260917,r3_hz20_rep2,3,20.0,2,250,100.0
serving_capacity_20260917,r3_hz20_rep2,3,20.0,2,500,100.0
serving_capacity_20260917,r3_hz20_rep2,3,20.0,2,1000,100.0
serving_capacity_20260917,r3_hz20_rep3,3,20.0,3,156,0.0
serving_capacity_20260917,r3_hz20_rep3,3,20.0,3,200,66.66666666666667
serving_capacity_20260917,r3_hz20_rep3,3,20.0,3,250,66.66666666666667
serving_capacity_20260917,r3_hz20_rep3,3,20.0,3,500,100.0
serving_capacity_20260917,r3_hz20_rep3,3,20.0,3,1000,100.0
serving_capacity_20260917,r3_hz20_rep4,3,20.0,4,156,0.0
serving_capacity_20260917,r3_hz20_rep4,3,20.0,4,200,33.333333333333336
serving_capacity_20260917,r3_hz20_rep4,3,20.0,4,250,53.333333333333336
serving_capacity_20260917,r3_hz20_rep4,3,20.0,4,500,100.0
serving_capacity_20260917,r3_hz20_rep4,3,20.0,4,1000,100.0
serving_capacity_20260917,r4_hz20_rep0,4,20.0,0,156,3.125
serving_capacity_20260917,r4_hz20_rep0,4,20.0,0,200,11.25
serving_capacity_20260917,r4_hz20_rep0,4,20.0,0,250,23.125
serving_capacity_20260917,r4_hz20_rep0,4,20.0,0,500,96.875
serving_capacity_20260917,r4_hz20_rep0,4,20.0,0,1000,100.0
serving_capacity_20260917,r4_hz20_rep1,4,20.0,1,156,1.875
serving_capacity_20260917,r4_hz20_rep1,4,20.0,1,200,10.625
serving_capacity_20260917,r4_hz20_rep1,4,20.0,1,250,24.375
serving_capacity_20260917,r4_hz20_rep1,4,20.0,1,500,95.0
serving_capacity_20260917,r4_hz20_rep1,4,20.0,1,1000,99.375
serving_capacity_20260917,r4_hz20_rep2,4,20.0,2,156,0.0
serving_capacity_20260917,r4_hz20_rep2,4,20.0,2,200,0.625
serving_capacity_20260917,r4_hz20_rep2,4,20.0,2,250,15.0
serving_capacity_20260917,r4_hz20_rep2,4,20.0,2,500,94.375
serving_capacity_20260917,r4_hz20_rep2,4,20.0,2,1000,99.375
serving_capacity_20260917,r4_hz20_rep3,4,20.0,3,156,0.0
serving_capacity_20260917,r4_hz20_rep3,4,20.0,3,200,12.5
serving_capacity_20260917,r4_hz20_rep3,4,20.0,3,250,33.125
serving_capacity_20260917,r4_hz20_rep3,4,20.0,3,500,99.375
serving_capacity_20260917,r4_hz20_rep3,4,20.0,3,1000,100.0
serving_capacity_20260917,r4_hz20_rep4,4,20.0,4,156,1.875
serving_capacity_20260917,r4_hz20_rep4,4,20.0,4,200,11.875
serving_capacity_20260917,r4_hz20_rep4,4,20.0,4,250,39.375
serving_capacity_20260917,r4_hz20_rep4,4,20.0,4,500,100.0
serving_capacity_20260917,r4_hz20_rep4,4,20.0,4,1000,100.0
serving_capacity_20260917,r6_hz20_rep0,6,20.0,0,156,0.0
serving_capacity_20260917,r6_hz20_rep0,6,20.0,0,200,0.0
serving_capacity_20260917,r6_hz20_rep0,6,20.0,0,250,5.416666666666667
serving_capacity_20260917,r6_hz20_rep0,6,20.0,0,500,41.25
serving_capacity_20260917,r6_hz20_rep0,6,20.0,0,1000,77.08333333333333
serving_capacity_20260917,r6_hz20_rep1,6,20.0,1,156,0.0
serving_capacity_20260917,r6_hz20_rep1,6,20.0,1,200,0.4166666666666667
serving_capacity_20260917,r6_hz20_rep1,6,20.0,1,250,5.833333333333333
serving_capacity_20260917,r6_hz20_rep1,6,20.0,1,500,38.333333333333336
serving_capacity_20260917,r6_hz20_rep1,6,20.0,1,1000,76.25
serving_capacity_20260917,r6_hz20_rep2,6,20.0,2,156,0.0
serving_capacity_20260917,r6_hz20_rep2,6,20.0,2,200,0.0
serving_capacity_20260917,r6_hz20_rep2,6,20.0,2,250,2.9166666666666665
serving_capacity_20260917,r6_hz20_rep2,6,20.0,2,500,35.416666666666664
serving_capacity_20260917,r6_hz20_rep2,6,20.0,2,1000,73.33333333333333
serving_capacity_20260917,r6_hz20_rep3,6,20.0,3,156,0.0
serving_capacity_20260917,r6_hz20_rep3,6,20.0,3,200,0.0
serving_capacity_20260917,r6_hz20_rep3,6,20.0,3,250,3.75
serving_capacity_20260917,r6_hz20_rep3,6,20.0,3,500,42.083333333333336
serving_capacity_20260917,r6_hz20_rep3,6,20.0,3,1000,77.5
serving_capacity_20260917,r6_hz20_rep4,6,20.0,4,156,0.0
serving_capacity_20260917,r6_hz20_rep4,6,20.0,4,200,0.0
serving_capacity_20260917,r6_hz20_rep4,6,20.0,4,250,10.0
serving_capacity_20260917,r6_hz20_rep4,6,20.0,4,500,41.666666666666664
serving_capacity_20260917,r6_hz20_rep4,6,20.0,4,1000,76.25
serving_capacity_20260917,r8_hz20_rep0,8,20.0,0,156,0.0
serving_capacity_20260917,r8_hz20_rep0,8,20.0,0,200,0.0
serving_capacity_20260917,r8_hz20_rep0,8,20.0,0,250,0.9375
serving_capacity_20260917,r8_hz20_rep0,8,20.0,0,500,26.25
serving_capacity_20260917,r8_hz20_rep0,8,20.0,0,1000,54.0625
serving_capacity_20260917,r8_hz20_rep1,8,20.0,1,156,0.0
serving_capacity_20260917,r8_hz20_rep1,8,20.0,1,200,0.0
serving_capacity_20260917,r8_hz20_rep1,8,20.0,1,250,5.9375
serving_capacity_20260917,r8_hz20_rep1,8,20.0,1,500,33.125
serving_capacity_20260917,r8_hz20_rep1,8,20.0,1,1000,58.125
serving_capacity_20260917,r8_hz20_rep2,8,20.0,2,156,0.0
serving_capacity_20260917,r8_hz20_rep2,8,20.0,2,200,0.0
serving_capacity_20260917,r8_hz20_rep2,8,20.0,2,250,2.8125
serving_capacity_20260917,r8_hz20_rep2,8,20.0,2,500,30.0
serving_capacity_20260917,r8_hz20_rep2,8,20.0,2,1000,56.25
serving_capacity_20260917,r8_hz20_rep3,8,20.0,3,156,0.0
serving_capacity_20260917,r8_hz20_rep3,8,20.0,3,200,0.0
serving_capacity_20260917,r8_hz20_rep3,8,20.0,3,250,2.5
serving_capacity_20260917,r8_hz20_rep3,8,20.0,3,500,27.5
serving_capacity_20260917,r8_hz20_rep3,8,20.0,3,1000,55.9375
serving_capacity_20260917,r8_hz20_rep4,8,20.0,4,156,0.0
serving_capacity_20260917,r8_hz20_rep4,8,20.0,4,200,0.0
serving_capacity_20260917,r8_hz20_rep4,8,20.0,4,250,3.125
serving_capacity_20260917,r8_hz20_rep4,8,20.0,4,500,30.3125
serving_capacity_20260917,r8_hz20_rep4,8,20.0,4,1000,57.5
serving_capacity_boundary_20260917,r5_hz20_rep0,5,20.0,0,156,0.0
serving_capacity_boundary_20260917,r5_hz20_rep0,5,20.0,0,200,0.0
serving_capacity_boundary_20260917,r5_hz20_rep0,5,20.0,0,250,6.5
serving_capacity_boundary_20260917,r5_hz20_rep0,5,20.0,0,500,53.0
serving_capacity_boundary_20260917,r5_hz20_rep0,5,20.0,0,1000,92.0
serving_capacity_boundary_20260917,r5_hz20_rep1,5,20.0,1,156,0.0
serving_capacity_boundary_20260917,r5_hz20_rep1,5,20.0,1,200,0.0
serving_capacity_boundary_20260917,r5_hz20_rep1,5,20.0,1,250,4.5
serving_capacity_boundary_20260917,r5_hz20_rep1,5,20.0,1,500,58.0
serving_capacity_boundary_20260917,r5_hz20_rep1,5,20.0,1,1000,91.5
serving_capacity_boundary_20260917,r5_hz20_rep2,5,20.0,2,156,0.0
serving_capacity_boundary_20260917,r5_hz20_rep2,5,20.0,2,200,0.0
serving_capacity_boundary_20260917,r5_hz20_rep2,5,20.0,2,250,3.0
serving_capacity_boundary_20260917,r5_hz20_rep2,5,20.0,2,500,54.5
serving_capacity_boundary_20260917,r5_hz20_rep2,5,20.0,2,1000,92.0
serving_capacity_boundary_20260917,r5_hz20_rep3,5,20.0,3,156,0.0
serving_capacity_boundary_20260917,r5_hz20_rep3,5,20.0,3,200,0.0
serving_capacity_boundary_20260917,r5_hz20_rep3,5,20.0,3,250,1.0
serving_capacity_boundary_20260917,r5_hz20_rep3,5,20.0,3,500,54.0
serving_capacity_boundary_20260917,r5_hz20_rep3,5,20.0,3,1000,93.0
serving_capacity_boundary_20260917,r5_hz20_rep4,5,20.0,4,156,0.0
serving_capacity_boundary_20260917,r5_hz20_rep4,5,20.0,4,200,0.0
serving_capacity_boundary_20260917,r5_hz20_rep4,5,20.0,4,250,4.5
serving_capacity_boundary_20260917,r5_hz20_rep4,5,20.0,4,500,54.5
serving_capacity_boundary_20260917,r5_hz20_rep4,5,20.0,4,1000,93.5
serving_slo_actions_20260917,r1_hz10_rep0,1,10.0,0,156,0.0
serving_slo_actions_20260917,r1_hz10_rep0,1,10.0,0,200,75.0
serving_slo_actions_20260917,r1_hz10_rep0,1,10.0,0,250,100.0
serving_slo_actions_20260917,r1_hz10_rep0,1,10.0,0,500,100.0
serving_slo_actions_20260917,r1_hz10_rep0,1,10.0,0,1000,100.0
serving_slo_actions_20260917,r1_hz10_rep1,1,10.0,1,156,0.0
serving_slo_actions_20260917,r1_hz10_rep1,1,10.0,1,200,100.0
serving_slo_actions_20260917,r1_hz10_rep1,1,10.0,1,250,100.0
serving_slo_actions_20260917,r1_hz10_rep1,1,10.0,1,500,100.0
serving_slo_actions_20260917,r1_hz10_rep1,1,10.0,1,1000,100.0
serving_slo_actions_20260917,r1_hz10_rep2,1,10.0,2,156,0.0
serving_slo_actions_20260917,r1_hz10_rep2,1,10.0,2,200,100.0
serving_slo_actions_20260917,r1_hz10_rep2,1,10.0,2,250,100.0
serving_slo_actions_20260917,r1_hz10_rep2,1,10.0,2,500,100.0
serving_slo_actions_20260917,r1_hz10_rep2,1,10.0,2,1000,100.0
serving_slo_actions_20260917,r1_hz10_rep3,1,10.0,3,156,0.0
serving_slo_actions_20260917,r1_hz10_rep3,1,10.0,3,200,100.0
serving_slo_actions_20260917,r1_hz10_rep3,1,10.0,3,250,100.0
serving_slo_actions_20260917,r1_hz10_rep3,1,10.0,3,500,100.0
serving_slo_actions_20260917,r1_hz10_rep3,1,10.0,3,1000,100.0
serving_slo_actions_20260917,r1_hz10_rep4,1,10.0,4,156,0.0
serving_slo_actions_20260917,r1_hz10_rep4,1,10.0,4,200,100.0
serving_slo_actions_20260917,r1_hz10_rep4,1,10.0,4,250,100.0
serving_slo_actions_20260917,r1_hz10_rep4,1,10.0,4,500,100.0
serving_slo_actions_20260917,r1_hz10_rep4,1,10.0,4,1000,100.0
serving_slo_actions_20260917,r1_hz40_rep0,1,40.0,0,156,0.0
serving_slo_actions_20260917,r1_hz40_rep0,1,40.0,0,200,95.0
serving_slo_actions_20260917,r1_hz40_rep0,1,40.0,0,250,100.0
serving_slo_actions_20260917,r1_hz40_rep0,1,40.0,0,500,100.0
serving_slo_actions_20260917,r1_hz40_rep0,1,40.0,0,1000,100.0
serving_slo_actions_20260917,r1_hz40_rep1,1,40.0,1,156,0.0
serving_slo_actions_20260917,r1_hz40_rep1,1,40.0,1,200,100.0
serving_slo_actions_20260917,r1_hz40_rep1,1,40.0,1,250,100.0
serving_slo_actions_20260917,r1_hz40_rep1,1,40.0,1,500,100.0
serving_slo_actions_20260917,r1_hz40_rep1,1,40.0,1,1000,100.0
serving_slo_actions_20260917,r1_hz40_rep2,1,40.0,2,156,0.0
serving_slo_actions_20260917,r1_hz40_rep2,1,40.0,2,200,100.0
serving_slo_actions_20260917,r1_hz40_rep2,1,40.0,2,250,100.0
serving_slo_actions_20260917,r1_hz40_rep2,1,40.0,2,500,100.0
serving_slo_actions_20260917,r1_hz40_rep2,1,40.0,2,1000,100.0
serving_slo_actions_20260917,r1_hz40_rep3,1,40.0,3,156,0.0
serving_slo_actions_20260917,r1_hz40_rep3,1,40.0,3,200,100.0
serving_slo_actions_20260917,r1_hz40_rep3,1,40.0,3,250,100.0
serving_slo_actions_20260917,r1_hz40_rep3,1,40.0,3,500,100.0
serving_slo_actions_20260917,r1_hz40_rep3,1,40.0,3,1000,100.0
serving_slo_actions_20260917,r1_hz40_rep4,1,40.0,4,156,0.0
serving_slo_actions_20260917,r1_hz40_rep4,1,40.0,4,200,100.0
serving_slo_actions_20260917,r1_hz40_rep4,1,40.0,4,250,100.0
serving_slo_actions_20260917,r1_hz40_rep4,1,40.0,4,500,100.0
serving_slo_actions_20260917,r1_hz40_rep4,1,40.0,4,1000,100.0
serving_slo_actions_20260917,r4_hz10_rep0,4,10.0,0,156,5.625
serving_slo_actions_20260917,r4_hz10_rep0,4,10.0,0,200,20.625
serving_slo_actions_20260917,r4_hz10_rep0,4,10.0,0,250,30.0
serving_slo_actions_20260917,r4_hz10_rep0,4,10.0,0,500,100.0
serving_slo_actions_20260917,r4_hz10_rep0,4,10.0,0,1000,100.0
serving_slo_actions_20260917,r4_hz10_rep1,4,10.0,1,156,3.75
serving_slo_actions_20260917,r4_hz10_rep1,4,10.0,1,200,18.75
serving_slo_actions_20260917,r4_hz10_rep1,4,10.0,1,250,23.75
serving_slo_actions_20260917,r4_hz10_rep1,4,10.0,1,500,100.0
serving_slo_actions_20260917,r4_hz10_rep1,4,10.0,1,1000,100.0
serving_slo_actions_20260917,r4_hz10_rep2,4,10.0,2,156,0.0
serving_slo_actions_20260917,r4_hz10_rep2,4,10.0,2,200,3.125
serving_slo_actions_20260917,r4_hz10_rep2,4,10.0,2,250,46.875
serving_slo_actions_20260917,r4_hz10_rep2,4,10.0,2,500,100.0
serving_slo_actions_20260917,r4_hz10_rep2,4,10.0,2,1000,100.0
serving_slo_actions_20260917,r4_hz10_rep3,4,10.0,3,156,2.5
serving_slo_actions_20260917,r4_hz10_rep3,4,10.0,3,200,14.375
serving_slo_actions_20260917,r4_hz10_rep3,4,10.0,3,250,56.25
serving_slo_actions_20260917,r4_hz10_rep3,4,10.0,3,500,100.0
serving_slo_actions_20260917,r4_hz10_rep3,4,10.0,3,1000,100.0
serving_slo_actions_20260917,r4_hz10_rep4,4,10.0,4,156,0.0
serving_slo_actions_20260917,r4_hz10_rep4,4,10.0,4,200,6.875
serving_slo_actions_20260917,r4_hz10_rep4,4,10.0,4,250,35.0
serving_slo_actions_20260917,r4_hz10_rep4,4,10.0,4,500,100.0
serving_slo_actions_20260917,r4_hz10_rep4,4,10.0,4,1000,100.0
serving_slo_actions_20260917,r4_hz40_rep0,4,40.0,0,156,15.0
serving_slo_actions_20260917,r4_hz40_rep0,4,40.0,0,200,21.875
serving_slo_actions_20260917,r4_hz40_rep0,4,40.0,0,250,39.375
serving_slo_actions_20260917,r4_hz40_rep0,4,40.0,0,500,99.375
serving_slo_actions_20260917,r4_hz40_rep0,4,40.0,0,1000,100.0
serving_slo_actions_20260917,r4_hz40_rep1,4,40.0,1,156,0.0
serving_slo_actions_20260917,r4_hz40_rep1,4,40.0,1,200,8.125
serving_slo_actions_20260917,r4_hz40_rep1,4,40.0,1,250,21.875
serving_slo_actions_20260917,r4_hz40_rep1,4,40.0,1,500,94.375
serving_slo_actions_20260917,r4_hz40_rep1,4,40.0,1,1000,98.125
serving_slo_actions_20260917,r4_hz40_rep2,4,40.0,2,156,0.0
serving_slo_actions_20260917,r4_hz40_rep2,4,40.0,2,200,0.625
serving_slo_actions_20260917,r4_hz40_rep2,4,40.0,2,250,31.875
serving_slo_actions_20260917,r4_hz40_rep2,4,40.0,2,500,96.875
serving_slo_actions_20260917,r4_hz40_rep2,4,40.0,2,1000,99.375
serving_slo_actions_20260917,r4_hz40_rep3,4,40.0,3,156,0.0
serving_slo_actions_20260917,r4_hz40_rep3,4,40.0,3,200,10.625
serving_slo_actions_20260917,r4_hz40_rep3,4,40.0,3,250,46.875
serving_slo_actions_20260917,r4_hz40_rep3,4,40.0,3,500,96.875
serving_slo_actions_20260917,r4_hz40_rep3,4,40.0,3,1000,100.0
serving_slo_actions_20260917,r4_hz40_rep4,4,40.0,4,156,10.625
serving_slo_actions_20260917,r4_hz40_rep4,4,40.0,4,200,20.625
serving_slo_actions_20260917,r4_hz40_rep4,4,40.0,4,250,44.375
serving_slo_actions_20260917,r4_hz40_rep4,4,40.0,4,500,100.0
serving_slo_actions_20260917,r4_hz40_rep4,4,40.0,4,1000,100.0
