robots,control_hz,request_hz,max_batch_size,repeat,algorithm,seconds,slo_ms,case,sent,responded,arrived,processed,unanswered,duplicate_responses,offered_rps,completion_rps,slo_percent,response_p50_ms,response_p95_ms,response_p99_ms,queue_wait_p95_ms,inference_p50_ms,ingress_p95_ms,starvation_percent,control_ticks,executed_actions,executed_actions_per_s,actual_control_hz_per_robot,actual_batch_mean,discarded_prefix_mean,tick_lateness_p99_ms,tick_lateness_max_ms,pass_available,pass_starved,miss_available,miss_starved,root
12,20.0,2.0,2,0,lookahead-actions,20.0,156,r12_hz20_rep0,480,178,480,178,302,0,24.0,8.95,0.0,508.3138942718506,722.5132703781128,733.553204536438,495.8819627761841,216.43352508544922,2.5979399681091295,69.10416666666667,4800,1483,74.15,20.0,1.988888888888889,1.6480446927374302,0.13491757214069366,1.0544806718826294,0,0,8,460,serving_capacity_20260917
12,20.0,2.0,2,1,lookahead-actions,20.0,156,r12_hz20_rep1,480,185,480,185,295,0,24.0,9.25,0.0,464.0545845031738,695.8656311035156,712.0598793029785,482.9311847686767,209.68270301818848,2.8910040855407715,67.64583333333333,4800,1553,77.65,20.0,1.989247311827957,1.6108108108108108,0.12432970106601715,0.3835335373878479,0,0,10,458,serving_capacity_20260917
12,20.0,2.0,2,2,lookahead-actions,20.0,156,r12_hz20_rep2,480,182,480,182,298,0,24.0,9.15,0.0,461.93158626556396,703.9232492446899,712.1409726142883,490.1971936225891,210.65902709960938,1.7539024353027344,64.5,4800,1704,85.2,20.0,1.9891304347826086,0.6284153005464481,0.13231519609689718,0.5357936024665833,0,0,14,454,serving_capacity_20260917
12,20.0,2.0,2,3,lookahead-actions,20.0,156,r12_hz20_rep3,480,182,480,182,298,0,24.0,9.1,0.0,503.47232818603516,710.7922911643982,730.5370330810547,495.8491802215576,210.10398864746094,2.002108097076416,67.47916666666667,4800,1561,78.05,20.0,2.0,1.3516483516483517,0.1252930611371994,1.0830536484718323,0,0,12,456,serving_capacity_20260917
12,20.0,2.0,2,4,lookahead-actions,20.0,156,r12_hz20_rep4,480,184,480,184,296,0,24.0,9.2,0.0,464.84482288360596,694.4820404052732,711.5381693840027,479.57211732864357,210.0505828857422,1.9719481468200681,66.70833333333333,4800,1598,79.9,20.0,2.0,1.2717391304347827,0.12729868292808533,0.5395505577325821,0,0,17,451,serving_capacity_20260917
16,20.0,2.0,2,0,lookahead-actions,20.0,156,r16_hz20_rep0,640,180,640,180,460,0,32.0,8.95,0.0,514.0105485916138,705.1205277442932,715.3903222084045,491.3483500480652,210.3487253189087,2.2852063179016113,73.90625,6400,1670,83.5,20.0,1.988888888888889,0.6312849162011173,0.12698231264948842,1.1942889541387558,0,0,13,611,serving_capacity_20260917
16,20.0,2.0,2,1,lookahead-actions,20.0,156,r16_hz20_rep1,640,181,640,181,459,0,32.0,9.1,0.0,460.7090950012207,703.4227848052979,713.251543045044,490.16499519348145,210.84260940551758,3.122127056121825,73.875,6400,1672,83.6,20.0,1.978021978021978,0.7142857142857143,0.12469613924622536,0.19238702952861786,0,0,12,612,serving_capacity_20260917
16,20.0,2.0,2,2,lookahead-actions,20.0,156,r16_hz20_rep2,640,184,640,184,456,0,32.0,9.2,0.0,502.59578227996826,710.2918386459351,713.4619116783142,495.75791358947754,210.69371700286865,1.884293556213379,72.109375,6400,1785,89.25,20.0,2.0,0.29347826086956524,0.1259283721446991,0.5024857819080353,0,0,16,608,serving_capacity_20260917
16,20.0,2.0,2,3,lookahead-actions,20.0,156,r16_hz20_rep3,640,182,640,182,458,0,32.0,9.2,0.0,462.71467208862305,666.0905361175537,710.7284259796143,451.5097737312317,211.0311985015869,2.0415544509887686,72.15625,6400,1782,89.1,20.0,2.0,0.21739130434782608,0.12867134064435956,0.37145428359508514,0,0,16,608,serving_capacity_20260917
16,20.0,2.0,2,4,lookahead-actions,20.0,156,r16_hz20_rep4,640,182,640,182,458,0,32.0,9.15,0.0,504.47237491607666,706.7062854766846,714.779007434845,492.2224521636963,210.81531047821045,1.919949054718017,73.421875,6400,1701,85.05,20.0,1.9891304347826086,0.639344262295082,0.12767735868692395,0.20690076053142548,0,0,17,607,serving_capacity_20260917
1,20.0,2.0,2,0,lookahead-actions,20.0,156,r1_hz20_rep0,40,40,40,40,0,0,2.0,2.0,0.0,192.1231746673584,198.57525825500488,200.24876356124878,3.7019729614257812,186.4790916442871,2.2657275199890132,15.0,400,340,17.0,20.0,1.0,1.525,0.1257269829511643,0.33373013138771057,0,0,12,27,serving_capacity_20260917
1,20.0,2.0,2,1,lookahead-actions,20.0,156,r1_hz20_rep1,40,40,40,40,0,0,2.0,2.0,0.0,194.0523386001587,198.42458963394165,198.61538171768188,4.936766624450684,186.66625022888184,4.429328441619871,15.0,400,340,17.0,20.0,1.0,1.5,0.12170689180493355,0.12506917119026184,0,0,20,19,serving_capacity_20260917
1,20.0,2.0,2,2,lookahead-actions,20.0,156,r1_hz20_rep2,40,40,40,40,0,0,2.0,2.0,0.0,192.86489486694336,198.2580065727234,200.9716796875,3.9216637611389156,186.03169918060303,2.360618114471434,15.25,400,339,16.95,20.0,1.0,1.5,0.12014582753181458,0.1634657382965088,0,0,20,19,serving_capacity_20260917
1,20.0,2.0,2,3,lookahead-actions,20.0,156,r1_hz20_rep3,40,40,40,40,0,0,2.0,2.0,0.0,192.00634956359863,196.07187509536743,196.5060830116272,3.6330699920654297,185.07146835327148,2.436530590057371,15.0,400,340,17.0,20.0,1.0,1.5,0.12075338512659071,0.126522034406662,0,0,0,39,serving_capacity_20260917
1,20.0,2.0,2,4,lookahead-actions,20.0,156,r1_hz20_rep4,40,40,40,40,0,0,2.0,2.0,0.0,190.52481651306152,194.12223100662231,196.44423246383667,4.128873348236084,184.3022108078003,2.711045742034911,15.0,400,340,17.0,20.0,1.0,1.5,0.12075364589691158,0.13885833323001862,0,0,20,19,serving_capacity_20260917
2,20.0,2.0,2,0,lookahead-actions,20.0,156,r2_hz20_rep0,80,80,80,80,0,0,4.0,4.0,0.0,252.21335887908936,319.2767143249512,322.73088693618774,150.57471990585327,175.4746437072754,2.084791660308838,22.5,800,620,31.0,20.0,1.0,2.2625,0.12100763618946075,1.3119839131832123,0,0,40,38,serving_capacity_20260917
2,20.0,2.0,2,1,lookahead-actions,20.0,156,r2_hz20_rep1,80,80,80,80,0,0,4.0,4.0,0.0,246.6564178466797,308.7892174720764,315.0781559944153,141.590678691864,174.8751401901245,2.398312091827392,22.125,800,623,31.15,20.0,1.0,2.1875,0.1244526356458664,0.17091631889343262,0,0,33,45,serving_capacity_20260917
2,20.0,2.0,2,2,lookahead-actions,20.0,156,r2_hz20_rep2,80,80,80,80,0,0,4.0,4.0,0.0,189.5679235458374,193.98995637893677,195.60980558395383,6.966984272003174,181.10454082489014,2.188718318939209,15.0,800,680,34.0,20.0,1.0,1.5,0.12386977672576904,0.19731000065803528,0,0,40,38,serving_capacity_20260917
2,20.0,2.0,2,3,lookahead-actions,20.0,156,r2_hz20_rep3,80,80,80,80,0,0,4.0,4.0,0.0,272.1351385116577,359.7938299179077,362.22334384918213,189.01904821395874,174.76916313171387,3.392636775970459,24.375,800,605,30.25,20.0,1.0,2.4625,0.12466076761484146,0.8823014795780182,0,0,15,63,serving_capacity_20260917
2,20.0,2.0,2,4,lookahead-actions,20.0,156,r2_hz20_rep4,80,80,80,80,0,0,4.0,4.0,0.0,183.7327480316162,196.87169790267944,198.3710527420044,6.116557121276855,175.59325695037842,2.3687720298767085,15.0,800,680,34.0,20.0,1.0,1.5,0.12591250240802768,0.16126781702041626,0,0,40,38,serving_capacity_20260917
3,20.0,2.0,2,0,lookahead-actions,20.0,156,r3_hz20_rep0,120,120,120,120,0,0,6.0,6.0,0.0,303.0816316604614,378.78074645996094,388.50305557250977,146.86018228530884,226.32265090942383,2.339959144592285,25.916666666666668,1200,889,44.45,20.0,1.5,2.566666666666667,0.12702122330665588,0.20219013094902039,0,0,19,98,serving_capacity_20260917
3,20.0,2.0,2,1,lookahead-actions,20.0,156,r3_hz20_rep1,120,120,120,120,0,0,6.0,6.0,0.0,335.5594873428345,373.11872243881226,375.3611207008362,138.68080377578735,226.3009548187256,2.219998836517334,26.416666666666668,1200,883,44.15,20.0,1.5,2.6666666666666665,0.12435225769877434,0.8720364421606064,0,0,51,66,serving_capacity_20260917
3,20.0,2.0,2,2,lookahead-actions,20.0,156,r3_hz20_rep2,120,120,120,120,0,0,6.0,6.0,0.8333333333333334,193.62080097198486,236.57795190811157,241.4384961128235,78.45078706741333,154.65056896209717,2.0984172821044917,16.833333333333332,1200,998,49.9,20.0,1.0,1.7,0.13511803001165387,0.16447901725769043,1,0,40,76,serving_capacity_20260917
3,20.0,2.0,2,3,lookahead-actions,20.0,156,r3_hz20_rep3,120,120,120,120,0,0,6.0,6.0,0.0,174.3788719177246,317.3746943473816,321.2904977798462,158.1185221672058,154.0510654449463,2.3371219635009766,20.0,1200,960,48.0,20.0,1.0,2.0,0.1267223246395588,0.18983334302902222,0,0,40,77,serving_capacity_20260917
3,20.0,2.0,2,4,lookahead-actions,20.0,156,r3_hz20_rep4,120,120,120,120,0,0,6.0,6.0,0.0,249.4666576385498,283.56640338897705,289.7515892982483,125.96867084503174,153.97310256958008,2.2241950035095215,20.833333333333332,1200,950,47.5,20.0,1.0,2.05,0.15881747007369992,1.0621901601552963,0,0,26,91,serving_capacity_20260917
4,20.0,2.0,2,0,lookahead-actions,20.0,156,r4_hz20_rep0,160,160,160,160,0,0,8.0,8.05,3.125,329.72395420074463,449.2034077644346,569.8824763298035,286.54474020004267,209.37633514404297,2.481544017791747,29.1875,1600,1133,56.65,20.0,1.5188679245283019,2.900621118012422,0.13421718031167953,0.9291600435972214,2,3,8,143,serving_capacity_20260917
4,20.0,2.0,2,1,lookahead-actions,20.0,156,r4_hz20_rep1,160,159,160,159,1,0,8.0,8.0,1.875,317.2016143798828,486.6498231887817,538.2910156249999,271.0203409194946,210.50238609313965,2.3729920387268013,29.8125,1600,1123,56.15,20.0,1.4953271028037383,2.93125,0.12602284550666826,2.0378325134515762,0,2,23,131,serving_capacity_20260917
4,20.0,2.0,2,2,lookahead-actions,20.0,156,r4_hz20_rep2,160,159,160,159,1,0,8.0,8.0,0.0,318.2680606842041,501.48358345031727,609.7094631195065,312.6299142837524,209.3985080718994,2.0704627037048335,31.0625,1600,1103,55.15,20.0,1.509433962264151,3.00625,0.12588843703269958,0.9338855743408203,0,0,34,122,serving_capacity_20260917
4,20.0,2.0,2,3,lookahead-actions,20.0,156,r4_hz20_rep3,160,160,160,160,0,0,8.0,8.05,0.0,262.17055320739746,369.4015979766845,446.46244287490833,153.9589524269103,206.1476707458496,2.0675420761108394,24.875,1600,1202,60.1,20.0,1.4814814814814814,2.459627329192547,0.12588711455464363,0.30520372092723846,0,0,33,123,serving_capacity_20260917
4,20.0,2.0,2,4,lookahead-actions,20.0,156,r4_hz20_rep4,160,160,160,160,0,0,8.0,8.0,1.875,299.91424083709717,392.260193824768,418.8027358055115,243.73594522476193,206.38787746429443,2.009105682373047,26.75,1600,1172,58.6,20.0,1.3675213675213675,2.5125,0.11942919343709948,0.48821792006492615,3,0,24,129,serving_capacity_20260917
6,20.0,2.0,2,0,lookahead-actions,20.0,156,r6_hz20_rep0,240,185,240,185,55,0,12.0,9.25,0.0,484.44151878356934,687.6725673675537,714.4738006591797,477.08115577697754,207.9598903656006,2.391755580902099,47.541666666666664,2400,1259,62.95,20.0,1.989247311827957,3.2,0.14717893674969668,1.0646618902683258,0,0,0,234,serving_capacity_20260917
6,20.0,2.0,2,1,lookahead-actions,20.0,156,r6_hz20_rep1,240,183,240,183,57,0,12.0,9.15,0.0,499.758243560791,690.4980182647705,707.0431041717529,478.45680713653564,207.78870582580566,2.439391613006592,47.916666666666664,2400,1250,62.5,20.0,1.989247311827957,3.2459016393442623,0.12269584462046622,0.16365014016628265,0,0,3,231,serving_capacity_20260917
6,20.0,2.0,2,2,lookahead-actions,20.0,156,r6_hz20_rep2,240,176,240,176,64,0,12.0,8.85,0.0,511.133074760437,697.4383592605591,724.3806719779968,476.9585132598877,220.6733226776123,2.215576171874999,49.875,2400,1203,60.15,20.0,1.9666666666666666,3.175141242937853,0.12634538114070892,0.9790342301130295,0,0,5,229,serving_capacity_20260917
6,20.0,2.0,2,3,lookahead-actions,20.0,156,r6_hz20_rep3,240,186,240,186,54,0,12.0,9.3,0.0,482.48791694641113,693.894624710083,705.9498906135559,482.1798801422119,208.0519199371338,1.7586827278137207,48.333333333333336,2400,1240,62.0,20.0,2.0,3.338709677419355,0.12333355844020845,1.2341253459453583,0,0,2,232,serving_capacity_20260917
6,20.0,2.0,2,4,lookahead-actions,20.0,156,r6_hz20_rep4,240,183,240,183,57,0,12.0,9.15,0.0,465.7936096191406,669.3718671798706,708.7272119522096,457.5047492980957,208.77933502197266,1.9551634788513184,48.458333333333336,2400,1237,61.85,20.0,1.9891304347826086,3.2131147540983607,0.12217894196510315,0.5545094609260559,0,0,3,231,serving_capacity_20260917
8,20.0,2.0,2,0,lookahead-actions,20.0,156,r8_hz20_rep0,320,173,320,173,147,0,16.0,8.7,0.0,518.6841487884521,714.9557590484619,726.1724185943604,490.1031970977783,222.4295139312744,2.411353588104248,57.6875,3200,1354,67.7,20.0,1.9550561797752808,2.1724137931034484,0.12719690799713135,0.8932240307331085,0,0,7,305,serving_capacity_20260917
8,20.0,2.0,2,1,lookahead-actions,20.0,156,r8_hz20_rep1,320,186,320,186,134,0,16.0,9.3,0.0,458.3861827850342,687.0447397232056,708.0751895904541,476.41289234161377,207.5352668762207,2.039706707000733,56.53125,3200,1391,69.55,20.0,2.0,2.532258064516129,0.12711614370346072,1.0882280766963959,0,0,7,305,serving_capacity_20260917
8,20.0,2.0,2,2,lookahead-actions,20.0,156,r8_hz20_rep2,320,180,320,180,140,0,16.0,8.95,0.0,472.4670648574829,708.4714889526367,727.5278329849243,494.1968560218811,210.01338958740234,2.441918849945069,54.28125,3200,1463,73.15,20.0,1.967032967032967,1.8212290502793296,0.13392433524131758,0.6285291165113449,0,0,8,304,serving_capacity_20260917
8,20.0,2.0,2,3,lookahead-actions,20.0,156,r8_hz20_rep3,320,179,320,179,141,0,16.0,9.05,0.0,506.0594081878662,681.6512107849121,708.8627910614014,469.00360584259033,208.96506309509277,2.037501335144043,56.6875,3200,1386,69.3,20.0,1.946236559139785,2.303867403314917,0.13480216264724668,2.884313464164734,0,0,11,301,serving_capacity_20260917
8,20.0,2.0,2,4,lookahead-actions,20.0,156,r8_hz20_rep4,320,184,320,184,136,0,16.0,9.3,0.0,491.28055572509766,702.4208545684814,709.0024399757385,489.38565254211426,209.07020568847656,2.0602941513061523,53.59375,3200,1485,74.25,20.0,2.0,1.935483870967742,0.12298788875341414,1.0191388428211212,0,0,6,306,serving_capacity_20260917
5,20.0,2.0,2,0,lookahead-actions,20.0,156,r5_hz20_rep0,200,184,200,184,16,0,10.0,9.15,0.0,480.29518127441406,660.0181698799133,702.2907972335814,439.77140188217163,209.62417125701904,2.039015293121338,43.6,2000,1128,56.4,20.0,1.967741935483871,3.830601092896175,0.12128714472055435,0.5157534033060074,0,0,1,194,serving_capacity_boundary_20260917
5,20.0,2.0,2,1,lookahead-actions,20.0,156,r5_hz20_rep1,200,183,200,183,17,0,10.0,9.15,0.0,446.05469703674316,670.7619905471802,706.3043117523193,446.31326198577887,208.85539054870605,2.2749781608581525,43.4,2000,1132,56.6,20.0,1.9891304347826086,3.814207650273224,0.12391205877065663,1.2743659317493439,0,0,0,195,serving_capacity_boundary_20260917
5,20.0,2.0,2,2,lookahead-actions,20.0,156,r5_hz20_rep2,200,184,200,184,16,0,10.0,9.15,0.0,468.03903579711914,661.4444613456725,700.9009432792661,433.9467525482178,208.26947689056396,2.2876143455505358,44.4,2000,1112,55.6,20.0,1.9891304347826086,3.912568306010929,0.1250789314508437,0.9287111461162567,0,0,0,195,serving_capacity_boundary_20260917
5,20.0,2.0,2,3,lookahead-actions,20.0,156,r5_hz20_rep3,200,186,200,186,14,0,10.0,9.25,0.0,472.4324941635132,675.5858659744263,710.491156578064,446.4738368988037,207.80718326568604,2.5016546249389635,44.15,2000,1117,55.85,20.0,1.989247311827957,3.9567567567567568,0.12097641825675962,0.9199809283018112,0,0,2,193,serving_capacity_boundary_20260917
5,20.0,2.0,2,4,lookahead-actions,20.0,156,r5_hz20_rep4,200,187,200,187,13,0,10.0,9.35,0.0,470.6590175628662,652.9406785964966,685.5152177810667,441.18428230285645,207.810640335083,1.966869831085205,43.95,2000,1121,56.05,20.0,1.9893617021276595,3.983957219251337,0.13883952051401138,0.49314089119434357,0,0,0,195,serving_capacity_boundary_20260917
1,10.0,2.0,2,0,lookahead-actions,20.0,156,r1_hz10_rep0,40,40,40,40,0,0,2.0,2.0,0.0,196.27785682678223,209.12897586822507,224.49851989746094,4.570484161376953,189.05401229858398,2.3603677749633785,0.0,200,200,10.0,10.0,1.0,1.25,0.16233872622251513,0.6230007857084274,0,0,39,0,serving_slo_actions_20260917
1,10.0,2.0,2,1,lookahead-actions,20.0,156,r1_hz10_rep1,40,40,40,40,0,0,2.0,2.0,0.0,192.44670867919922,195.12642621994019,195.9379482269287,4.423117637634277,185.6253147125244,2.152526378631592,0.0,200,200,10.0,10.0,1.0,1.0,0.1239684782922268,0.1254044473171234,0,0,39,0,serving_slo_actions_20260917
1,10.0,2.0,2,2,lookahead-actions,20.0,156,r1_hz10_rep2,40,40,40,40,0,0,2.0,2.0,0.0,192.04652309417725,195.8560347557068,199.00321245193481,4.2107343673706055,185.70899963378906,2.1172165870666504,0.0,200,200,10.0,10.0,1.0,1.0,0.14641210436820976,0.9681116789579391,0,0,39,0,serving_slo_actions_20260917
1,10.0,2.0,2,3,lookahead-actions,20.0,156,r1_hz10_rep3,40,40,40,40,0,0,2.0,2.0,0.0,191.45941734313965,196.89395427703857,198.1482458114624,4.615092277526855,184.20732021331787,2.525699138641356,0.0,200,200,10.0,10.0,1.0,1.0,0.12477859854698184,0.17153657972812653,0,0,39,0,serving_slo_actions_20260917
1,10.0,2.0,2,4,lookahead-actions,20.0,156,r1_hz10_rep4,40,40,40,40,0,0,2.0,2.0,0.0,191.07067584991455,193.8979983329773,194.56157207489014,4.363930225372314,184.26132202148438,2.2851586341857906,0.0,200,200,10.0,10.0,1.0,1.0,0.12455515563488007,0.14051608741283417,0,0,39,0,serving_slo_actions_20260917
1,40.0,2.0,2,0,lookahead-actions,20.0,156,r1_hz40_rep0,40,40,40,40,0,0,2.0,2.0,0.0,193.10259819030762,199.95522499084473,203.77315521240234,5.3333163261413565,185.1511001586914,2.4795889854431143,50.0,800,400,20.0,40.0,1.0,0.0,0.12395717203617096,3.046702593564987,0,0,0,39,serving_slo_actions_20260917
1,40.0,2.0,2,1,lookahead-actions,20.0,156,r1_hz40_rep1,40,40,40,40,0,0,2.0,2.0,0.0,191.7780637741089,195.2265977859497,195.43591499328613,4.446959495544432,185.61041355133057,2.039539813995361,50.0,800,400,20.0,40.0,1.0,0.0,0.12323241680860529,0.18512830138206482,0,0,0,39,serving_slo_actions_20260917
1,40.0,2.0,2,2,lookahead-actions,20.0,156,r1_hz40_rep2,40,40,40,40,0,0,2.0,2.0,0.0,192.9609775543213,197.169029712677,198.71765851974487,5.27949333190918,185.81819534301758,3.127682209014892,50.0,800,400,20.0,40.0,1.0,0.0,0.11822171509265898,0.12777745723724365,0,0,0,39,serving_slo_actions_20260917
1,40.0,2.0,2,3,lookahead-actions,20.0,156,r1_hz40_rep3,40,40,40,40,0,0,2.0,2.0,0.0,191.2602186203003,196.25141620635986,196.9775652885437,5.059754848480225,183.44032764434814,2.4115800857543928,50.0,800,400,20.0,40.0,1.0,0.0,0.11925607919692989,0.15007518231868744,0,0,0,39,serving_slo_actions_20260917
1,40.0,2.0,2,4,lookahead-actions,20.0,156,r1_hz40_rep4,40,40,40,40,0,0,2.0,2.0,0.0,190.8353567123413,193.38661432266235,195.33112049102783,4.931366443634032,183.5639476776123,2.3432374000549316,50.0,800,400,20.0,40.0,1.0,0.0,0.12052733451128005,0.17256848514080048,0,0,0,39,serving_slo_actions_20260917
4,10.0,2.0,2,0,lookahead-actions,20.0,156,r4_hz10_rep0,160,160,160,160,0,0,8.0,7.95,5.625,305.94420433044434,378.0291557312011,405.6506896018981,223.80889654159546,205.02376556396484,2.1575093269348145,0.0,800,800,40.0,10.0,1.407079646017699,2.3270440251572326,0.12880181893706322,0.30937790870666504,9,0,147,0,serving_slo_actions_20260917
4,10.0,2.0,2,1,lookahead-actions,20.0,156,r4_hz10_rep1,160,160,160,160,0,0,8.0,8.0,3.75,310.4701042175293,395.0794577598571,444.72474336624134,207.33402967453003,206.32851123809814,2.253270149230957,0.0,800,800,40.0,10.0,1.4285714285714286,2.475,0.12732539325952533,0.1561436802148819,6,0,150,0,serving_slo_actions_20260917
4,10.0,2.0,2,2,lookahead-actions,20.0,156,r4_hz10_rep2,160,160,160,160,0,0,8.0,7.95,0.0,251.50609016418457,349.87930059432983,367.4319219589233,139.88590240478516,204.32782173156738,2.145683765411376,0.0,800,800,40.0,10.0,1.3559322033898304,2.2264150943396226,0.12816868722438812,0.2809744328260422,0,0,156,0,serving_slo_actions_20260917
4,10.0,2.0,2,3,lookahead-actions,20.0,156,r4_hz10_rep3,160,160,160,160,0,0,8.0,8.0,2.5,240.6144142150879,286.71408891677856,291.58188343048096,126.60382986068724,139.98043537139893,1.8321037292480469,0.0,800,800,40.0,10.0,1.322314049586777,1.85,0.14681495726108562,0.4423428326845169,4,0,152,0,serving_slo_actions_20260917
4,10.0,2.0,2,4,lookahead-actions,20.0,156,r4_hz10_rep4,160,160,160,160,0,0,8.0,8.05,0.0,326.54786109924316,381.6579699516295,402.7743077278137,222.71225452423081,204.89680767059326,2.384126186370849,0.0,800,800,40.0,10.0,1.4414414414414414,2.5031055900621118,0.12944262474775314,0.18400885164737701,0,0,156,0,serving_slo_actions_20260917
4,40.0,2.0,2,0,lookahead-actions,20.0,156,r4_hz40_rep0,160,160,160,160,0,0,8.0,8.1,15.0,312.22450733184814,378.0472159385677,488.68870735168457,203.70566844940183,204.245924949646,1.9635081291198722,54.46875,3200,1457,72.85,40.0,1.3644067796610169,0.8950617283950617,0.11928556486964226,0.9867250919342041,0,24,0,132,serving_slo_actions_20260917
4,40.0,2.0,2,1,lookahead-actions,20.0,156,r4_hz40_rep1,160,157,160,157,3,0,8.0,7.9,0.0,330.9609889984131,487.30626106262207,533.9549160003662,264.79249000549316,220.6127643585205,2.2005438804626465,59.375,3200,1300,65.0,40.0,1.57,1.7278481012658229,0.1316755078732967,1.6061048954725266,0,0,0,156,serving_slo_actions_20260917
4,40.0,2.0,2,2,lookahead-actions,20.0,156,r4_hz40_rep2,160,159,160,159,1,0,8.0,8.0,0.0,286.09442710876465,445.3173637390137,552.478561401367,215.74044227600095,213.46044540405273,2.1667718887329097,56.625,3200,1388,69.4,40.0,1.5238095238095237,1.31875,0.14475928619503975,1.2805163860321045,0,0,0,156,serving_slo_actions_20260917
4,40.0,2.0,2,3,lookahead-actions,20.0,156,r4_hz40_rep3,160,160,160,160,0,0,8.0,8.0,0.0,253.38149070739746,466.89327955245955,564.1456580162048,246.38754129409762,205.62243461608887,1.7630100250244123,52.875,3200,1508,75.4,40.0,1.412280701754386,0.65625,0.13295983895659416,0.9860191494226456,0,0,0,156,serving_slo_actions_20260917
4,40.0,2.0,2,4,lookahead-actions,20.0,156,r4_hz40_rep4,160,160,160,160,0,0,8.0,8.05,10.625,290.92180728912354,358.0940246582031,381.76789760589594,144.37674283981318,203.4745216369629,2.046930789947509,53.375,3200,1492,74.6,40.0,1.3644067796610169,0.6832298136645962,0.1234217733144757,0.7995720952749252,0,16,0,140,serving_slo_actions_20260917
