batch_size,id,kernel,kernel_key,own_hlo_stage,grid,block,static_shared,dynamic_shared,kernel_ms,sm_pct,tensor_pct,dram_pct,dram_gbps,l2_pct,l2_hit_pct,occupancy_pct,theoretical_occupancy_pct,registers_per_thread,shared_bytes_per_block,replay_passes,l2_gbps,l1_hit_pct,active_warps_per_scheduler,eligible_warps_per_scheduler,issued_warps_per_scheduler,no_eligible_pct,issue_active_pct,warp_cycles_barrier,warp_cycles_branch_resolving,warp_cycles_dispatch_stall,warp_cycles_drain,warp_cycles_imc_miss,warp_cycles_lg_throttle,warp_cycles_long_scoreboard,warp_cycles_math_pipe_throttle,warp_cycles_membar,warp_cycles_mio_throttle,warp_cycles_misc,warp_cycles_no_instruction,warp_cycles_not_selected,warp_cycles_selected,warp_cycles_short_scoreboard,warp_cycles_sleeping,warp_cycles_tex_throttle,warp_cycles_wait,stage,reference_total_ms,reference_count,reference_stage,stage_match_conflict
1,0,input_concatenate_fusion,input_concatenate_fusion,vlm_prefill,"(1, 1, 1)","(2, 1, 1)",0,0,0.002336,0.01,0.0,0.24,1.75342465753,1.04,92.74,2.08,33.33,16,1024,17,28.49315068493,0.0,1.0,0.05,0.05,95.13,4.87,0.0,0.09,0.05,0.26,9.6,0.0,6.35,0.0,0.0,0.0,0.0,1.12,0.0,1.0,0.0,0,0,1.99,vlm_prefill,0.015872,10.0,vlm_prefill,False
1,1,wrapped_slice,wrapped_slice,vlm_prefill,"(1, 1, 1)","(2, 1, 1)",0,0,0.00224,0.0,0.0,0.18,1.31428571429,0.98,93.58,2.08,33.33,16,1024,17,26.48571428571,0.0,0.97,0.01,0.01,99.02,0.98,0.0,0.53,0.0,1.4,56.2,0.0,32.87,0.0,0.0,0.0,0.0,6.6,0.0,1.0,0.13,0,0,1.87,vlm_prefill,0.013024,10.0,vlm_prefill,False
1,2,loop_multiply_fusion,loop_multiply_fusion,action,"(3, 1, 1)","(128, 1, 1)",0,0,0.002208,0.13,0.0,0.33,2.3768115942,1.33,92.58,7.21,100.0,16,1024,17,35.92753623188,14.0,1.01,0.09,0.09,91.25,8.75,0.0,0.05,0.0,0.13,4.77,0.0,2.35,0.0,0.0,0.0,0.0,0.67,0.0,1.0,0.22,0,0,2.04,action,0.015936,10.0,action,False
1,3,wrapped_convert,wrapped_convert,vlm_embed,"(294, 1, 1)","(128, 1, 1)",0,0,0.002816,2.58,0.0,7.79,56.22727272727,11.26,82.02,24.89,100.0,16,1024,17,305.09090909091,0.0,3.07,0.05,0.04,95.66,4.34,0.0,0.35,0.06,1.55,42.36,0.0,29.59,0.09,0.0,0.26,0.02,2.08,0.21,1.0,2.09,0,0,2.5,vlm_embed,0.050721,30.0,vlm_embed,False
1,4,loop_divide_fusion,loop_divide_fusion,unknown_library_kernel,"(294, 1, 1)","(128, 1, 1)",0,0,0.003328,2.54,0.0,27.25,197.19230769231,14.72,54.42,22.08,100.0,16,1024,17,398.10576923077,2.81,2.86,0.06,0.05,94.97,5.03,0.0,0.2,0.07,0.84,17.97,0.0,33.99,0.11,0.0,0.05,0.02,1.21,0.22,1.0,0.47,0,0,1.25,unattributed,0.050592,30.0,unattributed,False
1,5,loop_multiply_fusion,loop_multiply_fusion,action,"(294, 1, 1)","(128, 1, 1)",0,0,0.003232,1.95,0.0,26.26,190.37623762376003,15.16,54.09,22.49,100.0,16,1024,17,410.40594059406004,2.81,2.85,0.04,0.03,96.76,3.24,0.0,0.3,0.22,1.29,28.46,0.0,52.74,0.16,0.0,0.0,0.0,1.83,0.27,1.0,1.06,0,0,0.92,action,0.050336,30.0,action,False
1,6,wrapped_convert,wrapped_convert,vlm_embed,"(294, 1, 1)","(128, 1, 1)",0,0,0.002656,2.63,0.0,8.43,60.86746987952,12.02,82.03,25.06,100.0,16,1024,17,323.0843373494,0.0,3.04,0.05,0.04,95.71,4.29,0.0,0.35,0.06,1.59,31.92,0.0,29.6,0.09,0.0,0.34,0.02,2.08,0.22,1.0,2.1,0,0,2.5,vlm_embed,0.050721,30.0,vlm_embed,False
1,7,input_transpose_fusion_1,input_transpose_fusion_1,vlm_embed,"(756, 1, 1)","(128, 1, 1)",4224,0,0.0072,27.14,0.0,64.26,465.70666666667,23.6,70.27,54.42,100.0,26,5248,17,638.4711111111101,1.13,6.43,0.43,0.16,83.8,16.2,2.59,0.09,0.16,1.4,4.32,0.74,23.07,1.13,0.0,1.76,0.01,0.3,1.67,1.0,0.12,0,0,1.39,vlm_embed,0.059136,10.0,vlm_embed,False
1,8,wrapped_convert,wrapped_convert,vlm_embed,"(9, 1, 1)","(128, 1, 1)",0,0,0.002368,0.07,0.0,0.31,2.21621621622,1.1,91.26,8.3,100.0,16,1024,17,29.68918918919,0.0,1.01,0.01,0.01,98.75,1.25,0.0,0.4,0.0,1.09,40.34,0.0,28.8,0.0,0.0,0.0,0.0,4.84,0.0,1.0,1.3,0,0,1.7,vlm_embed,0.015712,10.0,vlm_embed,False
1,9,"void implicit_convolve_sgemm<float, float, (int)128, (int)5, (int)5, (int)3, (int)3, (int)3, (int)1, (bool)0, (bool)0, (bool)1>(int, int, int, const T1 *, int, T2 *, const T1 *, kernel_conv_params, unsigned long long, int, float, float, int, const T2 *, const T2 *, bool, bool, int, int)","void implicit_convolve_sgemm<float, float, (int)128, (int)5, (int)5, (int)3, (int)3, (int)3, (int)1, (bool)0, (bool)0, (bool)1>(int, int, int, const T1 *, int, T2 *, const T1 *, kernel_conv_params, unsigned long long, int, float, float, int, const T2 *, const T2 *, bool, bool, int, int)",unknown_library_kernel,"(8, 36, 1)","(8, 8, 1)",2304,0,0.046784,41.08,0.0,11.98,87.2804377565,33.86,92.26,14.15,50.0,80,3328,17,923.36251709986,82.1,1.71,0.53,0.44,56.25,43.75,0.2,0.02,0.24,0.0,0.07,0.0,1.36,0.04,0.0,0.02,0.0,0.02,0.2,1.0,0.21,0,0,0.51,vlm_embed,1.220232,30.0,vlm_embed,False
1,10,loop_transpose_fusion_5,loop_transpose_fusion_5,unattributed,"(294, 1, 1)","(128, 1, 1)",0,0,0.003872,2.84,0.0,24.01,172.19834710744001,24.36,75.94,25.39,100.0,16,1024,17,655.78512396694,55.56,3.05,0.05,0.03,96.53,3.47,0.0,0.24,0.12,1.12,21.01,2.12,59.6,0.18,0.0,0.0,0.03,1.4,0.35,1.0,0.11,0,0,2.35,unattributed,0.07440000000000001,30.0,unattributed,False
1,11,loop_transpose_fusion_5,loop_transpose_fusion_5,unattributed,"(294, 1, 1)","(128, 1, 1)",0,0,0.003968,2.82,0.0,24.35,176.96774193548003,23.6,76.06,25.68,100.0,16,1024,17,638.75806451613,55.56,3.16,0.05,0.03,96.55,3.45,0.0,0.24,0.13,1.15,21.18,2.13,60.73,0.18,0.0,0.0,0.03,1.41,0.35,1.0,0.11,0,0,2.35,unattributed,0.07440000000000001,30.0,unattributed,False
1,12,input_transpose_fusion_2,input_transpose_fusion_2,vlm_embed,"(288, 1, 1)","(128, 1, 1)",12672,0,0.01072,18.44,0.0,70.32,511.54626865672003,20.78,31.63,24.41,58.33,63,13696,17,564.3313432835799,0.0,2.95,0.08,0.06,94.38,5.62,1.34,0.04,0.06,0.49,3.52,9.59,22.98,0.03,0.0,10.32,0.0,0.24,0.37,1.0,0.66,0,0,1.56,vlm_embed,0.073634,10.0,vlm_embed,False
1,13,input_reduce_fusion_2,input_reduce_fusion_2,vlm_embed,"(128, 1, 1)","(192, 1, 1)",48,0,0.003968,8.68,0.0,20.89,150.96774193548,6.59,16.02,18.51,100.0,19,1072,17,178.45161290323003,1.16,2.27,0.11,0.09,90.91,9.09,2.14,0.08,0.03,0.15,5.85,0.05,11.78,0.06,0.0,0.0,0.01,0.39,0.14,1.0,1.96,0,0,1.01,vlm_embed,1.670451,810.0,vlm_embed,False
1,14,loop_convert_fusion_6,loop_convert_fusion_6,vlm_embed,"(576, 1, 1)","(128, 1, 1)",0,0,0.0042239999999999995,9.08,0.0,21.33,155.51515151515,15.32,63.31,45.74,100.0,24,1024,17,418.0303030303,38.26,5.75,0.26,0.16,84.38,15.62,0.0,0.09,0.27,0.31,7.43,0.2,23.61,0.41,0.0,0.15,0.01,0.63,0.56,1.0,0.7,0,0,1.63,vlm_embed,2.279565,810.0,vlm_embed,False
1,15,loop_dynamic_slice_fusion_12,loop_dynamic_slice_fusion_12,vlm_embed,"(2592, 1, 1)","(128, 1, 1)",0,0,0.024288,4.96,0.0,83.75,610.18181818182,35.55,50.39,71.98,100.0,16,1024,17,661.16073781291,2.02,8.98,0.05,0.03,97.44,2.56,0.0,0.28,0.43,36.73,5.59,40.23,231.33,1.07,0.0,14.46,0.01,0.78,1.11,1.0,11.07,0,0,2.36,vlm_embed,20.481278,810.0,vlm_embed,False
1,16,gemm_fusion_dot_122_0,gemm_fusion_dot_122_0,vlm_embed,"(54, 1, 1)","(128, 1, 1)",0,49152,0.02656,49.55,49.55,54.84,399.20481927711,47.07,75.61,8.33,16.67,255,50176,17,1279.3819277108403,0.0,1.0,0.16,0.16,83.77,16.23,0.09,0.02,0.01,0.08,0.18,0.11,0.18,2.53,0.0,0.05,0.0,0.06,0.0,1.0,0.03,0,0,1.8,vlm_embed,21.024334,810.0,vlm_embed,False
1,17,loop_convert_fusion_10,loop_convert_fusion_10,vlm_embed,"(576, 1, 1)","(128, 1, 1)",0,0,0.005216,5.82,0.0,38.74,280.49079754601,20.69,57.76,43.03,100.0,20,1024,17,560.77914110429,23.91,5.25,0.11,0.06,93.92,6.08,0.0,0.18,0.57,0.69,13.02,0.59,63.79,0.6,0.0,0.23,0.01,1.22,0.83,1.0,0.91,0,0,1.62,vlm_embed,2.44708,810.0,vlm_embed,False
1,18,gemm_fusion_dot_94_0,gemm_fusion_dot_94_0,vlm_embed,"(8, 16, 1)","(128, 1, 1)",0,12288,0.007584,17.36,17.36,38.97,282.4641350211,31.87,81.7,12.61,25.0,150,13312,17,861.97046413502,7.27,1.54,0.19,0.17,83.25,16.75,0.9,0.02,0.1,0.33,0.75,0.06,2.86,0.96,0.0,0.31,0.0,0.11,0.13,1.0,0.31,0,0,1.38,vlm_embed,4.744099,810.0,vlm_embed,False
1,19,fusion_188,fusion_188,vlm_embed,"(256, 1, 1)","(128, 1, 1)",0,0,0.00784,21.53,0.0,53.98,393.15918367347,20.83,51.43,21.34,83.33,47,1024,17,566.7510204081601,0.0,2.76,0.34,0.25,75.02,24.98,0.0,0.01,0.03,0.1,1.07,0.01,5.75,0.08,0.0,0.49,0.0,0.08,0.36,1.0,0.76,0,0,1.15,,,,,False
1,20,loop_convert_fusion_8,loop_convert_fusion_8,vlm_embed,"(576, 1, 1)","(128, 1, 1)",0,0,0.004576,3.98,0.0,19.83,142.37762237762,12.15,60.16,46.48,100.0,16,1024,17,327.10489510490004,25.35,5.28,0.1,0.06,94.07,5.93,0.0,0.21,0.26,0.75,15.71,0.0,64.7,0.44,0.0,0.35,0.02,1.27,0.73,1.0,1.21,0,0,2.49,vlm_embed,2.606959,810.0,vlm_embed,False
1,21,gemm_fusion_dot_95_0,gemm_fusion_dot_95_0,vlm_embed,"(4, 16, 1)","(128, 1, 1)",0,36864,0.008896,21.89,21.89,46.88,341.05035971223,27.4,78.45,8.3,16.67,162,37888,17,744.1582733812901,0.0,1.0,0.14,0.14,85.65,14.35,0.74,0.02,0.02,0.06,0.78,0.05,1.88,1.14,0.0,0.07,0.0,0.2,0.0,1.0,0.08,0,0,0.92,vlm_embed,4.256318,810.0,vlm_embed,False
1,22,ampere_bf16_s16816gemm_bf16_64x64_sliced1x2_ldg8_f2f_stages_64x5_nt,ampere_bf16_s16816gemm_bf16_64x64_sliced1x2_ldg8_f2f_stages_64x5_nt,unknown_library_kernel,"(18, 4, 1)","(128, 1, 1)",49152,32768,0.012992,32.9,32.9,39.66,288.35467980296005,62.77,84.87,8.33,8.33,146,82944,17,1703.51231527094,0.0,0.97,0.11,0.11,89.48,10.52,1.1,0.14,0.0,0.0,0.52,0.05,2.2,1.93,0.0,0.14,0.0,0.12,0.0,1.0,0.13,0,0,2.12,vlm_embed,10.161276,810.0,vlm_embed,False
1,23,input_reduce_fusion_1,input_reduce_fusion_1,vlm_embed,"(128, 1, 1)","(192, 1, 1)",48,0,0.004992,8.03,0.0,34.14,246.51282051282,11.19,21.88,18.51,100.0,30,1072,17,304.32692307692,23.47,2.31,0.1,0.08,91.73,8.27,1.92,0.06,0.07,0.1,4.25,0.28,17.56,0.08,0.0,0.0,0.0,0.29,0.19,1.0,1.48,0,0,0.99,vlm_embed,3.036824,810.0,vlm_embed,False
1,24,loop_convert_fusion_7,loop_convert_fusion_7,vlm_embed,"(576, 1, 1)","(128, 1, 1)",0,0,0.0060479999999999996,6.96,0.0,29.02,209.88359788360003,15.35,52.38,46.07,100.0,24,1024,17,415.70370370370006,36.79,5.75,0.16,0.1,89.87,10.13,0.0,0.08,0.29,0.26,5.99,0.52,44.3,0.45,0.0,0.13,0.0,0.53,0.58,1.0,0.58,0,0,1.58,vlm_embed,2.434257,810.0,vlm_embed,False
1,25,gemm_fusion_dot_66_0,gemm_fusion_dot_66_0,vlm_embed,"(68, 1, 1)","(128, 1, 1)",0,61440,0.027167999999999998,61.72,61.72,63.45,461.67255594817,70.96,87.55,8.33,8.33,255,62464,17,1922.7067137809202,0.0,1.0,0.17,0.17,83.34,16.66,0.09,0.01,0.01,0.03,0.19,0.13,0.16,2.39,0.0,0.03,0.0,0.05,0.0,1.0,0.22,0,0,1.67,,,,,False
1,26,loop_convert_fusion_5,loop_convert_fusion_5,vlm_embed,"(2152, 1, 1)","(128, 1, 1)",0,0,0.00752,36.51,0.0,60.53,439.1829787234,25.48,57.13,73.96,100.0,31,1024,17,690.54893617021,57.4,8.92,1.8,0.52,48.49,51.51,0.0,0.05,0.16,0.17,1.1,0.02,10.76,0.73,0.0,0.03,0.0,0.14,2.37,1.0,0.25,0,0,0.66,vlm_embed,3.703515,810.0,vlm_embed,False
1,27,ampere_bf16_s16816gemm_bf16_128x128_ldg8_f2f_stages_32x5_nn,ampere_bf16_s16816gemm_bf16_128x128_ldg8_f2f_stages_32x5_nn,unknown_library_kernel,"(9, 2, 5)","(128, 1, 1)",49152,32768,0.043296,39.09,39.09,46.61,339.50036954915004,36.42,74.55,8.33,8.33,222,82944,17,992.1212121212101,0.0,1.01,0.11,0.11,88.74,11.26,0.41,0.15,0.0,0.0,0.26,0.14,0.43,3.15,0.0,0.18,0.0,0.07,0.0,1.0,0.05,0,0,3.1,vlm_embed,34.844163,810.0,vlm_embed,False
1,28,"void cublasLt::splitKreduce_kernel<(int)32, (int)16, int, __nv_bfloat16, __nv_bfloat16, float, (bool)0, __nv_bfloat16, __nv_bfloat16, __nv_bfloat16, (bool)1, (bool)0, (bool)0>(cublasLt::cublasSplitKParams<T6>, const T4 *, const T9 *, T8 *, T5 *, const T6 *, const T6 *, const T10 *, const T4 *, T10 *, void *, long, T6 *, int *, T6 *, const T6 *, const T6 *, const T6 *, const T6 *)","void cublasLt::splitKreduce_kernel<(int)32, (int)16, int, __nv_bfloat16, __nv_bfloat16, float, (bool)0, __nv_bfloat16, __nv_bfloat16, __nv_bfloat16, (bool)1, (bool)0, (bool)0>(cublasLt::cublasSplitKParams<T6>, const T4 *, const T9 *, T8 *, T5 *, const T6 *, const T6 *, const T10 *, const T4 *, T10 *, void *, long, T6 *, int *, T6 *, const T6 *, const T6 *, const T6 *, const T6 *)",unknown_library_kernel,"(36, 16, 1)","(32, 16, 1)",0,0,0.008288,22.23,0.0,56.78,413.09652509653006,16.72,20.03,83.09,100.0,38,1024,17,453.37451737452005,2.6,9.96,0.65,0.28,71.6,28.4,0.0,0.29,0.27,0.02,2.0,0.23,24.87,0.62,0.0,0.36,0.01,0.95,1.32,1.0,0.01,0,0,3.2,vlm_embed,4.028563,810.0,vlm_embed,False
1,29,loop_convert_fusion_9,loop_convert_fusion_9,vlm_embed,"(576, 1, 1)","(128, 1, 1)",0,0,0.005696,5.62,0.0,46.49,337.01123595506004,18.62,38.18,47.07,100.0,19,1024,17,505.97191011236004,40.22,5.49,0.12,0.08,92.32,7.68,0.0,0.11,0.31,0.37,8.33,0.45,58.97,0.42,0.0,0.19,0.01,0.75,0.53,1.0,0.63,0,0,1.34,vlm_embed,3.186489,810.0,vlm_embed,False
1,30,loop_add_fusion_2,loop_add_fusion_2,vlm_embed,"(1, 1, 1)","(1, 1, 1)",0,0,0.002656,0.0,0.0,0.17,1.2530120481900002,0.83,92.98,2.08,33.33,16,1024,17,22.46987951807,50.0,0.98,0.01,0.01,98.91,1.09,0.0,0.47,0.0,1.24,49.65,0.0,32.29,0.0,0.0,0.0,0.0,5.82,0.0,1.0,0.0,0,0,1.18,"action,vlm_embed,vlm_prefill",4.333283,2790.0,"action,vlm_embed,vlm_prefill",False
1,31,input_reduce_fusion_2,input_reduce_fusion_2,vlm_embed,"(128, 1, 1)","(192, 1, 1)",48,0,0.003744,8.81,0.0,22.07,159.38461538462,7.02,15.89,18.4,100.0,19,1072,17,190.11111111111,1.15,2.2,0.1,0.09,91.04,8.96,1.75,0.08,0.04,0.15,5.82,0.05,12.51,0.05,0.0,0.0,0.01,0.39,0.17,1.0,2.09,0,0,1.0,vlm_embed,1.670451,810.0,vlm_embed,False
1,32,loop_convert_fusion_9,loop_convert_fusion_9,vlm_embed,"(576, 1, 1)","(128, 1, 1)",0,0,0.00592,5.38,0.0,44.61,324.08648648649,17.95,38.15,45.96,100.0,19,1024,17,486.92972972973,40.22,5.68,0.12,0.08,92.13,7.87,0.0,0.11,0.31,0.37,8.4,0.45,57.18,0.41,0.0,0.2,0.01,0.75,0.53,1.0,0.63,0,0,1.34,vlm_embed,3.186489,810.0,vlm_embed,False
1,33,input_reduce_fusion_10,input_reduce_fusion_10,vlm_embed,"(128, 3, 1)","(192, 1, 1)",144,0,0.0060479999999999996,16.24,0.0,41.52,301.43915343915006,12.05,9.75,49.2,100.0,22,1168,17,327.08465608465997,1.48,5.7,0.21,0.15,85.47,14.53,5.22,0.09,0.02,0.16,4.96,0.13,23.4,0.17,0.0,0.09,0.01,0.77,0.43,1.0,2.2,0,0,1.13,vlm_mixed,0.042048,10.0,vlm_mixed,False
1,34,loop_convert_fusion_24,loop_convert_fusion_24,vlm_embed,"(576, 1, 1)","(128, 1, 1)",0,0,0.0066879999999999995,12.84,0.0,53.64,389.62679425837,22.83,56.86,42.69,100.0,32,1024,17,619.35885167464,22.54,5.05,0.24,0.17,82.54,17.46,0.0,0.05,0.22,0.21,3.8,1.19,20.29,0.3,0.0,0.01,0.0,0.36,0.39,1.0,0.27,0,0,0.87,vlm_mixed,0.028736,10.0,vlm_mixed,False
1,35,gemm_fusion_dot_106_0,gemm_fusion_dot_106_0,vlm_embed,"(192, 1, 1)","(128, 1, 1)",0,36864,0.045408,51.23,51.23,28.57,208.08738548273,71.61,93.17,15.7,16.67,168,37888,17,1946.8907681465803,0.0,1.88,0.18,0.17,83.31,16.69,1.29,0.02,0.03,0.09,0.24,0.1,4.39,2.36,0.0,0.14,0.01,0.03,0.08,1.0,0.32,0,0,1.2,vlm_mixed,0.450499,10.0,vlm_mixed,False
1,36,input_concatenate_fusion_6,input_concatenate_fusion_6,vlm_embed,"(1024, 1, 1)","(128, 1, 1)",0,0,0.010688,6.83,0.0,76.28,555.4610778443101,26.68,58.45,88.31,100.0,19,1024,17,724.7904191616801,16.15,10.71,0.09,0.05,94.99,5.01,0.0,0.18,0.33,1.19,8.37,1.61,192.61,0.5,0.0,0.82,0.01,0.9,0.72,1.0,1.11,0,0,2.02,vlm_mixed,0.067264,10.0,vlm_mixed,False
1,37,input_concatenate_fusion_7,input_concatenate_fusion_7,vlm_embed,"(2, 1, 1)","(128, 1, 1)",0,0,0.0027199999999999998,0.04,0.0,0.18,1.31764705882,0.87,93.43,8.03,100.0,16,1024,17,23.28235294118,66.13,0.99,0.02,0.02,98.14,1.86,0.0,0.23,0.0,0.57,23.36,0.0,23.0,0.0,0.0,0.0,0.0,3.22,0.0,1.0,0.81,0,0,1.52,vlm_mixed,0.017664,10.0,vlm_mixed,False
1,38,loop_reduce_window_fusion_1,loop_reduce_window_fusion_1,unattributed,"(1, 1, 1)","(64, 1, 1)",0,0,0.00688,0.06,0.0,0.13,0.9488372093,0.38,93.19,4.14,66.67,23,1024,17,10.251162790700002,98.47,1.0,0.13,0.13,86.74,13.26,0.0,0.41,0.05,0.02,0.67,0.0,3.65,0.0,0.0,0.0,0.0,0.17,0.0,1.0,0.0,0,0,1.69,vlm_mixed,0.041536,10.0,vlm_mixed,False
1,39,loop_add_fusion_6,loop_add_fusion_6,unattributed,"(8, 1, 1)","(128, 1, 1)",0,0,0.003168,0.35,0.0,0.28,2.06060606061,0.98,87.28,8.1,100.0,16,1024,17,26.52525252525,74.68,0.99,0.05,0.05,95.29,4.71,0.0,0.14,0.03,0.2,7.1,0.0,10.25,0.0,0.0,0.0,0.01,0.85,0.0,1.0,0.21,0,0,1.56,vlm_mixed,0.013375999999999999,10.0,vlm_mixed,False
1,40,loop_reduce_window_fusion,loop_reduce_window_fusion,unattributed,"(8, 1, 1)","(128, 1, 1)",0,0,0.0021119999999999997,0.07,0.0,0.2,1.45454545455,1.16,94.61,8.13,100.0,16,1024,17,31.500000000000004,0.0,1.03,0.02,0.02,97.78,2.22,0.0,0.36,0.09,0.77,35.46,0.0,0.0,0.0,0.0,0.0,0.04,4.36,0.0,1.0,1.07,0,0,2.83,vlm_mixed,0.009728,10.0,vlm_mixed,False
1,41,loop_slice_fusion_4,loop_slice_fusion_4,unattributed,"(8, 1, 1)","(128, 1, 1)",0,0,0.0034879999999999998,0.53,0.0,0.38,2.75229357798,1.05,89.67,7.86,100.0,26,1024,17,28.4128440367,68.85,0.98,0.05,0.05,95.32,4.68,0.0,0.32,0.06,0.15,5.82,0.14,10.68,0.0,0.0,0.0,0.01,1.05,0.0,1.0,0.17,0,0,1.87,vlm_mixed,0.019584,10.0,vlm_mixed,False
1,42,loop_and_fusion,loop_and_fusion,unattributed,"(1831, 1, 1)","(128, 1, 1)",0,0,0.004128,15.66,0.0,3.94,28.58914728682,13.06,99.49,63.54,100.0,16,1024,17,354.54263565891,78.84,7.83,0.6,0.27,72.98,27.02,0.0,0.17,0.25,0.49,3.74,0.72,15.9,1.09,0.0,0.26,0.01,0.57,1.19,1.0,0.67,0,0,1.87,vlm_mixed,0.025664000000000003,10.0,vlm_mixed,False
1,43,loop_broadcast_fusion_1,loop_broadcast_fusion_1,vlm_prefill,"(8712, 1, 1)","(128, 1, 1)",0,0,0.013536,7.68,0.0,79.94,580.55791962175,24.59,99.96,35.58,100.0,16,1024,17,668.57446808511,0.0,4.24,0.12,0.1,89.96,10.04,0.0,0.79,0.39,24.97,4.14,0.06,0.0,0.04,0.0,1.67,0.01,1.08,0.21,1.0,8.34,0,0,1.88,vlm_mixed,0.136514,10.0,vlm_mixed,False
1,44,loop_broadcast_fusion_2,loop_broadcast_fusion_2,unattributed,"(8712, 1, 1)","(128, 1, 1)",0,0,0.013439999999999999,7.77,0.0,80.37,584.42857142857,24.77,99.95,36.65,100.0,16,1024,17,673.35476190476,0.0,5.13,0.12,0.1,90.19,9.81,0.0,0.79,0.38,26.96,4.13,0.15,0.0,0.04,0.0,0.93,0.01,1.06,0.2,1.0,9.7,0,0,1.88,vlm_mixed,0.134594,10.0,vlm_mixed,False
1,45,fusion_108,fusion_108,vlm_prefill,"(121, 1, 1)","(256, 1, 1)",0,256,0.012095999999999999,9.77,0.0,74.2,539.68253968254,25.81,52.98,23.34,50.0,80,1280,17,700.13227513228,1.8,2.8,0.18,0.12,88.05,11.95,0.58,0.01,0.04,0.79,1.42,0.56,16.48,0.07,0.0,0.31,0.0,0.14,0.45,1.0,0.82,0,0,0.82,vlm_prefill,2.655313,180.0,vlm_prefill,False
1,46,gemm_fusion_dot_68_0,gemm_fusion_dot_68_0,vlm_prefill,"(32, 2, 1)","(128, 1, 1)",0,36864,0.025151999999999997,56.44,56.44,43.73,318.46310432570004,74.38,91.92,8.33,16.67,166,37888,17,2016.8371501272302,0.0,1.0,0.21,0.21,79.03,20.97,0.31,0.02,0.01,0.02,0.15,0.01,0.21,1.75,0.0,0.1,0.0,0.05,0.0,1.0,0.05,0,0,1.1,vlm_prefill,4.691101,180.0,vlm_prefill,False
1,47,loop_power_fusion,loop_power_fusion,vlm_prefill,"(1, 1, 1)","(128, 1, 1)",0,0,0.0025599999999999998,0.03,0.0,0.22,1.55,0.94,92.62,7.84,100.0,16,1024,17,25.575000000000003,0.0,0.98,0.06,0.06,93.97,6.03,0.0,0.26,0.01,0.3,11.67,0.0,0.0,0.0,0.0,0.0,0.0,1.69,0.0,1.0,0.12,0,0,1.47,"action,vlm_prefill",2.392205,1980.0,"action,vlm_prefill",False
1,48,loop_cosine_sine_fusion,loop_cosine_sine_fusion,vlm_prefill,"(968, 1, 1)","(128, 1, 1)",0,0,0.0033599999999999997,16.17,0.0,5.19,37.48571428571,13.6,95.63,67.56,100.0,25,1024,17,368.53333333333006,34.66,8.21,1.25,0.33,67.04,32.96,0.0,0.42,0.45,0.31,5.2,0.16,10.36,1.01,0.0,0.13,0.01,0.86,2.79,1.0,0.53,0,0,1.38,vlm_prefill,0.471971,180.0,vlm_prefill,False
1,49,input_concatenate_fusion_1,input_concatenate_fusion_1,vlm_prefill,"(968, 1, 1)","(128, 1, 1)",0,0,0.005376,7.96,0.0,42.47,306.78571428571,14.5,29.36,61.18,100.0,16,1024,17,392.6130952381,12.04,7.64,0.13,0.07,92.74,7.26,0.0,0.24,0.37,0.69,11.37,1.82,78.86,0.89,0.0,0.73,0.0,1.22,0.85,1.0,1.39,0,0,1.27,vlm_prefill,0.35533,180.0,vlm_prefill,False
1,50,loop_transpose_fusion,loop_transpose_fusion,vlm_prefill,"(8192, 1, 1)","(128, 1, 1)",0,0,0.026272,7.39,0.0,82.86,603.0304506699101,28.9,50.36,75.31,100.0,16,1024,17,643.6772228989,5.87,9.19,0.08,0.07,93.39,6.61,0.0,0.31,0.06,1.36,1.92,0.0,129.06,0.12,0.0,0.16,0.0,0.45,0.25,1.0,1.21,0,0,2.11,vlm_prefill,4.749109,180.0,vlm_prefill,False
1,51,gemm_fusion_dot_69_0,gemm_fusion_dot_69_0,vlm_prefill,"(64, 1, 1)","(256, 1, 1)",0,49152,0.079168,68.36,68.36,26.3,191.59094583670003,46.94,89.75,16.65,16.67,254,50176,17,1280.08407437348,0.0,2.0,0.22,0.17,83.44,16.56,1.12,0.02,0.01,0.02,0.11,0.14,0.16,7.05,0.0,0.13,0.0,0.02,0.32,1.0,0.02,0,0,1.91,,,,,False
1,52,input_concatenate_fusion,input_concatenate_fusion,vlm_prefill,"(1936, 1, 1)","(128, 1, 1)",0,0,0.013344,8.27,0.0,80.18,583.29016786571,26.22,47.85,70.9,100.0,28,1024,17,713.0887290167901,40.86,8.79,0.19,0.1,90.01,9.99,0.0,0.12,0.25,0.58,2.75,0.77,77.6,0.46,0.0,0.29,0.0,0.31,0.84,1.0,0.34,0,0,0.64,vlm_prefill,1.653194,180.0,vlm_prefill,False
1,53,gemm_fusion_dot_96_0,gemm_fusion_dot_96_0,vlm_prefill,"(1936, 1, 1)","(128, 1, 1)",0,24576,0.07155199999999999,38.49,38.49,64.24,467.86940966011,78.91,96.96,31.61,33.33,128,25600,17,2148.26520572451,0.0,3.77,0.39,0.26,74.23,25.77,1.94,0.01,0.31,0.13,0.12,0.07,5.99,1.78,0.0,1.05,0.0,0.03,0.52,1.0,0.48,0,0,1.25,vlm_prefill,12.743725,180.0,vlm_prefill,False
1,54,fusion_101,fusion_101,vlm_prefill,"(484, 1, 1)","(256, 1, 1)",0,16512,0.11692799999999999,9.77,0.0,52.66,383.79967159278004,35.59,33.65,32.25,33.33,114,17536,17,399.40257252326006,3.49,3.85,0.15,0.09,90.83,9.17,7.11,0.03,0.07,0.45,0.28,7.24,3.99,0.12,0.0,16.15,0.0,0.03,0.67,1.0,4.78,0,0,0.69,,,,,False
1,55,wrapped_slice,wrapped_slice,vlm_prefill,"(484, 1, 1)","(128, 1, 1)",0,0,0.0035199999999999997,2.49,0.0,23.51,168.54545454545,11.64,54.66,35.54,100.0,16,1024,17,313.10909090909007,0.0,4.83,0.05,0.04,96.17,3.83,0.0,0.46,0.09,1.48,35.33,0.0,74.58,0.31,0.0,0.0,0.01,2.68,0.26,1.0,2.18,0,0,2.2,vlm_prefill,0.514339,180.0,vlm_prefill,False
1,56,gemm_fusion_dot_97_0,gemm_fusion_dot_97_0,vlm_prefill,"(242, 1, 1)","(128, 1, 1)",0,12288,0.047296,54.68,54.68,53.53,389.99729364005003,51.2,82.84,23.57,25.0,156,13312,17,1388.60284167794,33.76,2.82,0.2,0.16,84.22,15.78,1.9,0.05,0.05,0.09,0.26,0.01,7.13,3.41,0.0,0.98,0.0,0.06,0.23,1.0,0.41,0,0,2.42,vlm_prefill,8.570421,180.0,vlm_prefill,False
1,57,input_transpose_fusion,input_transpose_fusion,vlm_prefill,"(1984, 1, 1)","(128, 1, 1)",2112,0,0.013727999999999999,34.82,0.0,76.71,557.5664335664301,23.83,54.66,72.88,100.0,28,3136,17,646.3356643356601,3.04,8.71,0.34,0.16,83.69,16.31,5.28,0.17,0.12,0.42,1.75,0.72,35.67,0.59,0.0,2.58,0.0,0.19,1.13,1.0,0.85,0,0,2.24,vlm_prefill,1.45345,180.0,vlm_prefill,False
1,58,gemm_fusion_dot_75_0,gemm_fusion_dot_75_0,vlm_prefill,"(64, 1, 1)","(256, 1, 1)",0,49152,0.078944,68.61,68.61,26.39,192.32590190515,47.89,89.93,16.65,16.67,255,50176,17,1306.9582488852902,0.0,2.0,0.22,0.16,83.75,16.25,1.08,0.02,0.01,0.02,0.13,0.09,0.18,7.29,0.0,0.13,0.0,0.02,0.33,1.0,0.03,0,0,1.97,,,,,False
1,59,fusion_107,fusion_107,vlm_prefill,"(121, 1, 1)","(256, 1, 1)",0,256,0.0184,7.6,0.0,80.35,584.1669565217401,28.05,36.16,23.67,50.0,80,1280,17,676.81217391304,1.22,2.86,0.12,0.09,91.22,8.78,0.61,0.01,0.04,0.58,1.11,2.02,23.92,0.08,0.0,0.27,0.0,0.08,0.37,1.0,1.16,0,0,0.97,,,,,False
1,60,loop_slice_fusion,loop_slice_fusion,vlm_prefill,"(65536, 1, 1)","(128, 1, 1)",0,0,0.393984,5.11,0.0,93.1,678.60883690708,41.84,50.03,89.0,100.0,16,1024,17,682.2210038986401,3.03,10.69,0.04,0.03,97.09,2.91,0.0,0.3,0.24,43.95,0.22,22.56,244.43,0.07,0.0,24.23,0.0,0.28,0.28,1.0,24.11,0,0,1.92,vlm_prefill,71.076838,180.0,vlm_prefill,False
1,61,gemm_fusion_dot_72_0,gemm_fusion_dot_72_0,vlm_prefill,"(1024, 1, 1)","(128, 1, 1)",0,49152,0.521056,89.73,89.73,47.45,345.85788859547,75.74,88.66,16.14,16.67,255,50176,17,2066.06558987902,0.0,1.93,0.24,0.18,81.51,18.49,0.83,0.02,0.01,0.01,0.02,0.07,0.17,6.21,0.0,0.11,0.01,0.01,0.28,1.0,0.02,0,0,1.73,,,,,False
1,62,gemm_fusion_dot_73_0,gemm_fusion_dot_73_0,vlm_prefill,"(1024, 1, 1)","(128, 1, 1)",0,49152,0.517664,89.59,89.59,46.68,340.28336527168,76.22,89.0,16.12,16.67,255,50176,17,2079.52519008469,0.0,1.94,0.24,0.18,81.51,18.49,0.84,0.02,0.01,0.01,0.02,0.06,0.18,6.21,0.0,0.11,0.01,0.01,0.27,1.0,0.02,0,0,1.73,vlm_prefill,98.550629,180.0,vlm_prefill,False
1,63,loop_convert_fusion,loop_convert_fusion,vlm_prefill,"(30976, 1, 1)","(128, 1, 1)",0,0,0.139296,22.09,0.0,93.0,677.68527452332,44.13,33.53,89.49,100.0,35,1024,17,684.21663220767,27.25,10.79,0.3,0.23,77.37,22.63,0.0,0.05,0.05,0.51,0.09,0.01,44.82,0.06,0.0,0.01,0.0,0.06,0.34,1.0,0.23,0,0,0.4,vlm_prefill,24.831494,180.0,vlm_prefill,False
1,64,void cutlass::Kernel2<cutlass_80_tensorop_bf16_s16816gemm_relu_bf16_128x128_32x5_nn_align8>(T1::Params),cutlass_80_tensorop_bf16_s16816gemm_relu_bf16_128x128_32x5_nn_align8,unknown_library_kernel,"(64, 2, 1)","(128, 1, 1)",0,81920,0.606112,74.55,74.55,36.32,264.71717438361003,63.48,87.77,8.33,8.33,224,82944,17,1730.9794625415802,0.0,1.0,0.13,0.13,87.0,13.0,0.01,0.02,0.0,0.0,0.02,0.0,0.02,3.76,0.0,0.0,0.0,0.03,0.0,1.0,0.01,0,0,2.81,vlm_prefill,116.394846,180.0,vlm_prefill,False
1,65,loop_convert_fusion_1,loop_convert_fusion_1,vlm_prefill,"(3872, 1, 1)","(128, 1, 1)",0,0,0.02448,5.24,0.0,85.02,618.8078431372501,35.71,25.59,82.79,100.0,18,1024,17,653.25359477124,23.45,9.99,0.07,0.06,94.3,5.7,0.0,0.18,0.09,0.63,2.18,0.33,167.97,0.16,0.0,0.1,0.0,0.37,0.2,1.0,0.68,0,0,1.08,vlm_prefill,3.799541,180.0,vlm_prefill,False
1,66,loop_dynamic_update_slice_fusion_1,loop_dynamic_update_slice_fusion_1,vlm_prefill,"(484, 1, 1)","(128, 1, 1)",0,0,0.0036479999999999998,3.48,0.0,19.17,138.63157894737,11.24,54.8,34.03,100.0,16,1024,17,303.14912280702003,5.63,4.16,0.09,0.06,94.39,5.61,0.0,0.3,0.09,0.98,25.28,0.01,41.26,0.38,0.0,0.0,0.02,1.85,0.63,1.0,0.73,0,0,1.92,vlm_prefill,0.503009,180.0,vlm_prefill,False
1,67,loop_dynamic_update_slice_fusion,loop_dynamic_update_slice_fusion,vlm_prefill,"(484, 1, 1)","(128, 1, 1)",0,0,0.003552,3.52,0.0,22.62,163.31531531532002,11.44,54.69,34.69,100.0,16,1024,17,310.6036036036,5.63,4.4,0.1,0.06,94.11,5.89,0.0,0.3,0.1,1.0,23.89,0.01,43.62,0.37,0.0,0.0,0.02,1.83,0.63,1.0,0.71,0,0,1.92,vlm_prefill,0.479458,180.0,vlm_prefill,False
1,68,loop_add_fusion_2,loop_add_fusion_2,vlm_embed,"(1, 1, 1)","(1, 1, 1)",0,0,0.002688,0.0,0.0,0.17,1.19047619048,0.83,92.72,2.08,33.33,16,1024,17,22.25,50.0,0.92,0.01,0.01,98.94,1.06,0.0,0.47,0.0,1.18,49.41,0.0,27.82,0.0,0.0,0.0,0.0,5.82,0.0,1.0,0.0,0,0,1.18,"action,vlm_embed,vlm_prefill",4.333283,2790.0,"action,vlm_embed,vlm_prefill",False
1,69,fusion_108,fusion_108,vlm_prefill,"(121, 1, 1)","(256, 1, 1)",0,256,0.011552,9.78,0.0,74.16,537.97229916898,27.05,52.99,23.32,50.0,80,1280,17,733.08033240997,1.8,2.8,0.18,0.12,88.14,11.86,0.6,0.01,0.04,0.78,1.44,0.68,16.69,0.07,0.0,0.37,0.0,0.19,0.47,1.0,0.82,0,0,0.82,vlm_prefill,2.655313,180.0,vlm_prefill,False
1,70,loop_convert_fusion_1,loop_convert_fusion_1,vlm_prefill,"(3872, 1, 1)","(128, 1, 1)",0,0,0.024352,5.23,0.0,85.68,623.13797634691,35.69,25.58,82.39,100.0,18,1024,17,656.8370565046,23.34,9.97,0.07,0.06,94.29,5.71,0.0,0.18,0.09,0.63,2.26,0.32,166.96,0.16,0.0,0.09,0.0,0.37,0.21,1.0,0.69,0,0,1.08,vlm_prefill,3.799541,180.0,vlm_prefill,False
1,71,copy_fusion,copy_fusion,unattributed,"(3, 1, 1)","(128, 1, 1)",0,0,0.0025919999999999997,0.03,0.0,0.3,2.12345679012,0.97,94.95,7.41,100.0,16,1024,17,25.91358024691,23.15,1.02,0.02,0.02,97.89,2.11,0.0,0.62,0.11,0.57,23.43,0.0,14.99,0.0,0.0,0.0,0.08,3.08,0.0,1.0,0.74,0,0,2.65,unattributed,0.021376,10.0,unattributed,False
1,72,loop_compare_fusion_3,loop_compare_fusion_3,action,"(1, 1, 1)","(1, 1, 1)",0,0,0.002816,0.0,0.0,0.18,1.3181818181800002,0.78,93.43,2.08,33.33,16,1024,17,21.09090909091,0.0,1.02,0.02,0.02,98.26,1.74,0.0,0.29,0.0,0.75,29.36,0.0,21.61,0.0,0.0,0.0,0.0,3.54,0.0,1.0,0.0,0,0,0.75,action,0.158912,110.0,action,False
1,73,input_concatenate_fusion_5,input_concatenate_fusion_5,action,"(4, 1, 1)","(128, 1, 1)",0,0,0.002976,0.19,0.0,0.39,2.7956989247300004,1.27,90.69,8.31,100.0,25,1024,17,34.43010752688,8.33,0.99,0.08,0.08,92.04,7.96,0.0,0.28,0.01,0.13,4.8,0.0,2.75,0.0,0.0,0.0,0.0,2.2,0.0,1.0,0.25,0,0,1.19,action,0.182721,100.0,action,False
1,74,input_reduce_fusion_9,input_reduce_fusion_9,action,"(8, 1, 1)","(1024, 1, 1)",16512,0,0.009439999999999999,3.74,0.0,32.29,234.56271186441,9.12,6.09,65.83,66.67,39,17536,17,247.65423728814002,10.65,8.01,1.08,0.45,55.42,44.58,0.82,0.05,0.16,0.06,1.02,0.55,9.23,0.66,0.0,2.07,0.0,0.17,1.48,1.0,0.05,0,0,0.66,action,1.729453,200.0,action,False
1,75,loop_multiply_fusion_1,loop_multiply_fusion_1,action,"(8, 1, 1)","(128, 1, 1)",0,0,0.002816,0.11,0.0,0.47,3.4090909090900006,1.02,83.9,8.24,100.0,16,1024,17,27.590909090910003,40.0,1.01,0.02,0.02,97.51,2.49,0.0,0.19,0.0,0.5,19.28,0.0,13.92,0.0,0.0,0.0,0.0,2.27,0.0,1.0,1.3,0,0,1.84,action,0.292483,200.0,action,False
1,76,input_reduce_fusion_9,input_reduce_fusion_9,action,"(8, 1, 1)","(1024, 1, 1)",16512,0,0.009056,3.74,0.0,33.48,243.19434628975,9.17,6.34,65.77,66.67,39,17536,17,249.03886925795004,10.66,7.94,1.07,0.45,55.44,44.56,0.79,0.05,0.15,0.06,1.02,0.55,9.23,0.67,0.0,2.06,0.0,0.17,1.39,1.0,0.05,0,0,0.66,action,1.729453,200.0,action,False
1,77,gemm_fusion_dot_124_0,gemm_fusion_dot_124_0,action,"(32, 1, 1)","(128, 1, 1)",0,6144,0.003328,2.01,0.5,3.13,22.461538461540002,3.02,71.22,8.25,100.0,39,7168,17,81.22115384615,0.0,1.01,0.1,0.1,89.78,10.22,0.64,0.04,0.02,0.1,5.43,0.0,0.7,0.01,0.0,0.07,0.0,0.38,0.0,1.0,0.48,0,0,1.04,action,0.190499,100.0,action,False
1,78,loop_convert_fusion_23,loop_convert_fusion_23,action,"(80, 1, 1)","(128, 1, 1)",0,0,0.002944,0.75,0.0,2.2,15.782608695650001,1.99,69.95,8.16,100.0,16,1024,17,53.60869565217,10.61,0.96,0.02,0.02,98.39,1.61,0.0,0.3,0.07,0.78,31.21,0.0,23.18,0.0,0.0,0.0,0.0,2.25,0.0,1.0,0.78,0,0,1.41,action,0.143393,100.0,action,False
1,79,loop_broadcast_fusion,loop_broadcast_fusion,action,"(77, 1, 1)","(128, 1, 1)",0,0,0.002784,0.88,0.0,0.26,1.8850574712600001,1.21,94.09,8.16,100.0,16,1024,17,32.873563218390004,45.25,1.01,0.02,0.02,97.68,2.32,0.0,0.46,0.0,0.56,21.32,0.0,14.65,0.0,0.0,0.0,0.0,1.67,0.0,1.0,0.63,0,0,2.66,action,0.145249,100.0,action,False
1,80,input_reduce_fusion_7,input_reduce_fusion_7,action,"(1, 1, 1)","(64, 1, 1)",16,0,0.003008,0.02,0.0,0.24,1.74468085106,0.83,91.01,3.95,66.67,16,1040,17,22.59574468085,0.0,0.93,0.04,0.04,96.14,3.86,0.3,0.15,0.01,0.19,10.41,0.0,6.92,0.0,0.0,0.0,0.02,1.25,0.0,1.0,2.2,0,0,1.63,action,0.148225,100.0,action,False
1,81,loop_add_fusion_5,loop_add_fusion_5,action,"(1, 1, 1)","(10, 1, 1)",0,0,0.0027199999999999998,0.0,0.0,0.16,1.1764705882400002,0.81,92.3,2.08,33.33,16,1024,17,22.15294117647,0.0,1.0,0.01,0.01,98.65,1.35,0.0,0.36,0.0,0.91,36.64,0.0,31.05,0.0,0.0,0.0,0.0,4.5,0.0,1.0,0.0,0,0,1.32,action,0.141698,100.0,action,False
1,82,wrapped_convert_1,wrapped_convert_1,action,"(8, 1, 1)","(128, 1, 1)",0,0,0.002688,0.06,0.0,0.37,2.7142857142900003,0.95,88.43,8.24,100.0,16,1024,17,25.928571428570002,16.67,1.0,0.01,0.01,98.72,1.28,0.0,0.4,0.0,1.1,42.19,0.0,26.33,0.0,0.0,0.0,0.0,4.88,0.0,1.0,1.3,0,0,1.7,action,3.03931,1800.0,action,False
1,83,input_reduce_fusion,input_reduce_fusion,action,"(24, 1, 1)","(1024, 1, 1)",33024,0,0.027167999999999998,7.31,0.0,73.52,535.1472320376901,17.6,2.63,66.38,66.67,60,34048,17,479.60424028269006,6.64,8.07,0.48,0.27,72.6,27.4,1.18,0.03,0.09,0.03,0.92,0.47,21.28,0.27,0.0,2.31,0.0,0.09,0.75,1.0,0.03,0,0,0.62,action,41.742616,1800.0,action,False
1,84,loop_slice_fusion_2,loop_slice_fusion_2,action,"(24, 1, 1)","(128, 1, 1)",0,0,0.0031999999999999997,0.27,0.0,0.69,4.96,0.99,80.51,8.29,100.0,16,1024,17,26.840000000000003,22.37,0.98,0.02,0.02,98.38,1.62,0.0,0.2,0.0,0.5,22.93,0.0,32.21,0.0,0.0,0.0,0.02,2.53,0.0,1.0,0.58,0,0,1.82,action,6.169215,3600.0,action,False
1,85,fusion_506,fusion_506,action,"(80, 1, 1)","(64, 1, 1)",0,8,0.003328,1.61,0.0,1.27,9.07692307692,3.66,90.56,4.14,66.67,17,1032,17,98.22115384615,8.33,1.04,0.07,0.07,93.4,6.6,0.37,0.05,0.02,0.13,4.73,0.0,6.48,0.01,0.0,0.0,0.0,0.37,0.0,1.0,0.98,0,0,1.08,,,,,False
1,86,loop_transpose_fusion_2,loop_transpose_fusion_2,action,"(4096, 1, 1)","(128, 1, 1)",0,0,0.013824,8.32,0.0,74.91,545.12037037037,22.96,50.19,67.57,100.0,16,1024,17,623.15972222222,5.85,8.48,0.12,0.09,91.28,8.72,0.0,0.31,0.1,1.0,3.77,0.0,85.08,0.2,0.0,0.29,0.01,0.63,0.44,1.0,1.27,0,0,2.12,action,16.382289,1800.0,action,False
1,87,gemm_fusion_dot_108_0,gemm_fusion_dot_108_0,action,"(64, 1, 1)","(128, 1, 1)",0,9216,0.011776,12.74,4.31,56.16,408.22826086957,18.12,61.95,8.32,83.33,40,10240,17,492.89945652174003,0.0,1.02,0.12,0.12,87.94,12.06,2.25,0.06,0.01,0.01,0.8,0.0,3.06,0.0,0.0,0.06,0.02,0.12,0.0,1.0,0.5,0,0,0.73,,,,,False
1,88,loop_power_fusion,loop_power_fusion,vlm_prefill,"(1, 1, 1)","(128, 1, 1)",0,0,0.0025599999999999998,0.03,0.0,0.22,1.6,0.95,92.61,7.84,100.0,16,1024,17,25.55,0.0,0.96,0.06,0.06,93.96,6.04,0.0,0.26,0.01,0.3,11.63,0.0,0.0,0.0,0.0,0.0,0.0,1.67,0.0,1.0,0.12,0,0,1.47,"action,vlm_prefill",2.392205,1980.0,"action,vlm_prefill",False
1,89,input_concatenate_fusion_4,input_concatenate_fusion_4,action,"(80, 1, 1)","(128, 1, 1)",0,0,0.0036479999999999998,2.43,0.0,2.03,14.70175438596,2.61,78.31,8.2,100.0,30,1024,17,70.92105263158001,20.45,1.02,0.05,0.05,95.09,4.91,0.0,0.39,0.06,0.16,6.17,0.0,9.59,0.0,0.0,0.0,0.01,1.55,0.0,1.0,0.21,0,0,1.3,action,3.720926,1800.0,action,False
1,90,gemm_fusion_dot_107_0,gemm_fusion_dot_107_0,action,"(8, 2, 1)","(128, 1, 1)",0,24576,0.007071999999999999,2.69,1.72,21.73,158.09954751131002,8.12,30.19,8.31,33.33,128,25600,17,221.10859728507003,0.0,1.0,0.08,0.08,91.79,8.21,0.95,0.01,0.13,0.03,2.35,0.0,4.38,0.04,0.0,0.38,0.0,0.21,0.0,1.0,0.34,0,0,2.21,,,,,False
1,91,input_concatenate_fusion_2,input_concatenate_fusion_2,action,"(484, 1, 1)","(128, 1, 1)",0,0,0.004672,4.03,0.0,15.78,114.27397260274002,9.73,57.92,38.48,100.0,35,1024,17,264.66438356164,8.51,4.38,0.09,0.05,94.6,5.4,0.0,0.24,0.23,0.66,23.83,0.0,52.73,0.36,0.0,0.22,0.04,1.98,0.61,1.01,1.43,0,0,2.0,action,5.5649939999999996,1800.0,action,False
1,92,gemm_fusion_dot_114_0,gemm_fusion_dot_114_0,action,"(93, 1, 1)","(128, 1, 1)",0,32768,0.005536,8.85,6.49,14.84,107.16763005780001,21.11,82.42,9.26,25.0,52,33792,17,571.9248554913299,3.97,1.09,0.14,0.13,86.84,13.16,0.5,0.02,0.06,0.06,1.23,0.0,3.64,0.25,0.0,0.0,0.0,0.12,0.04,1.0,0.36,0,0,1.04,action,7.431465,1800.0,action,False
1,93,fusion_480,fusion_480,action,"(20, 1, 1)","(128, 1, 1)",0,512,0.006304,2.82,0.0,7.61,54.9847715736,5.84,65.61,8.33,83.33,48,1536,17,158.71065989848003,11.48,1.0,0.11,0.11,88.51,11.49,1.31,0.01,0.02,0.03,0.98,0.04,2.14,0.0,0.0,0.0,0.0,0.17,0.0,1.0,1.64,0,0,1.37,,,,,False
1,94,input_concatenate_fusion_3,input_concatenate_fusion_3,action,"(484, 1, 1)","(128, 1, 1)",0,0,0.0042239999999999995,4.53,0.0,17.06,123.06060606061001,9.79,55.03,37.11,100.0,16,1024,17,265.29545454545,5.57,4.88,0.08,0.05,94.93,5.07,0.0,0.24,0.32,0.77,21.61,0.0,61.59,0.28,0.0,0.25,0.05,1.64,0.61,1.0,0.66,0,0,2.19,action,4.246879,1800.0,action,False
1,95,gemm_fusion_dot_115_0,gemm_fusion_dot_115_0,action,"(80, 1, 1)","(128, 1, 1)",0,16384,0.008383999999999999,14.07,6.88,11.08,80.74809160305001,23.55,87.47,8.33,33.33,113,17408,17,642.7366412213701,8.06,0.99,0.09,0.09,91.43,8.57,0.59,0.03,0.05,0.02,1.38,2.98,2.81,0.02,0.0,0.11,0.0,0.25,0.0,1.0,0.33,0,0,2.15,,,,,False
1,96,loop_transpose_fusion_1,loop_transpose_fusion_1,action,"(160, 1, 1)","(128, 1, 1)",0,0,0.0031999999999999997,1.17,0.0,2.29,16.44,9.48,94.45,13.63,100.0,16,1024,17,253.19000000000003,3.08,1.73,0.03,0.03,97.46,2.54,0.0,0.29,0.03,0.76,27.65,0.0,34.24,0.06,0.0,0.0,0.0,1.58,0.15,1.0,0.69,0,0,1.62,action,3.207733,1800.0,action,False
1,97,gemm_fusion_dot_112_0,gemm_fusion_dot_112_0,action,"(16, 1, 16)","(128, 1, 1)",0,5120,0.00992,7.73,4.8,65.86,479.16129032258004,19.43,18.81,23.89,75.0,52,6144,17,527.44193548387,2.13,2.94,0.09,0.06,93.63,6.37,4.45,0.04,0.1,0.1,9.7,0.0,26.45,0.47,0.0,0.11,0.01,0.2,0.38,1.0,1.19,0,0,1.57,action,8.202748,1800.0,action,False
1,98,loop_convert_fusion_4,loop_convert_fusion_4,action,"(80, 1, 1)","(128, 1, 1)",0,0,0.003392,3.0,0.0,13.8,99.96226415094002,5.57,34.5,8.27,100.0,28,1024,17,151.77358490566002,4.23,1.09,0.03,0.03,96.82,3.18,0.0,0.1,0.06,0.25,10.77,0.3,16.18,0.0,0.0,0.0,0.01,0.78,0.0,1.0,0.25,0,0,1.79,action,3.441234,1800.0,action,False
1,99,loop_slice_fusion_2,loop_slice_fusion_2,action,"(24, 1, 1)","(128, 1, 1)",0,0,0.003232,0.27,0.0,0.68,4.871287128710001,0.98,80.45,8.31,100.0,16,1024,17,26.33663366337,22.11,0.92,0.01,0.01,98.53,1.47,0.0,0.2,0.0,0.5,22.29,0.0,32.26,0.0,0.0,0.0,0.02,3.88,0.0,1.0,0.58,0,0,1.82,action,6.169215,3600.0,action,False
1,100,loop_slice_fusion_3,loop_slice_fusion_3,action,"(8192, 1, 1)","(128, 1, 1)",0,0,0.050207999999999996,5.28,0.0,89.03,648.74187380497,41.0,50.04,85.78,100.0,16,1024,17,672.88591459528,3.02,10.4,0.05,0.03,96.71,3.29,0.0,0.29,0.32,29.06,1.8,13.38,236.25,0.14,0.0,14.84,0.0,0.41,0.39,1.0,14.69,0,0,1.94,action,90.059692,1800.0,action,False
1,101,gemm_fusion_dot_123_0,gemm_fusion_dot_123_0,action,"(256, 1, 1)","(128, 1, 1)",0,9216,0.030816,18.12,6.13,83.99,611.57632398754,22.55,55.06,25.22,83.33,40,10240,17,614.0145379023901,15.99,3.07,0.14,0.12,88.47,11.53,7.12,0.06,0.04,0.01,0.65,0.03,15.39,0.1,0.0,0.54,0.02,0.08,0.22,1.0,0.67,0,0,0.76,,,,,False
1,102,loop_convert_fusion_2,loop_convert_fusion_2,action,"(320, 1, 1)","(128, 1, 1)",0,0,0.003104,5.07,0.0,7.85,56.329896907220004,4.15,51.52,27.12,100.0,16,1024,17,111.85567010309,13.72,3.25,0.14,0.11,88.73,11.27,0.0,0.14,0.13,0.36,12.19,0.04,11.47,0.05,0.0,0.0,0.02,0.8,0.21,1.0,0.7,0,0,1.93,action,2.986488,1800.0,action,False
1,103,gemm_fusion_dot_111_0,gemm_fusion_dot_111_0,action,"(64, 1, 1)","(128, 1, 1)",0,32768,0.019584,15.14,10.32,73.28,532.78431372549,26.27,83.61,8.33,25.0,96,33792,17,712.9885620915001,0.0,1.02,0.12,0.12,87.93,12.07,1.02,0.02,0.01,0.01,0.4,0.0,3.87,0.0,0.0,0.01,0.0,0.12,0.0,1.0,0.38,0,0,1.59,action,34.437277,1800.0,action,False
1,104,loop_convert_fusion_3,loop_convert_fusion_3,action,"(80, 1, 1)","(128, 1, 1)",0,0,0.003232,1.3,0.0,2.95,21.50495049505,2.38,66.58,8.26,100.0,16,1024,17,64.76237623762,19.63,1.03,0.02,0.02,98.03,1.97,0.0,0.18,0.0,0.47,19.91,0.0,25.05,0.01,0.0,0.0,0.0,1.46,0.0,1.0,0.47,0,0,2.02,action,4.325756,1800.0,action,False
1,105,loop_add_fusion_2,loop_add_fusion_2,vlm_embed,"(1, 1, 1)","(1, 1, 1)",0,0,0.0027519999999999997,0.0,0.0,0.17,1.20930232558,0.81,93.42,2.08,33.33,16,1024,17,21.720930232560004,50.0,0.98,0.01,0.01,98.96,1.04,0.0,0.47,0.0,1.24,49.47,0.0,37.18,0.0,0.0,0.0,0.0,5.82,0.0,1.0,0.0,0,0,1.18,"action,vlm_embed,vlm_prefill",4.333283,2790.0,"action,vlm_embed,vlm_prefill",False
1,106,wrapped_convert_1,wrapped_convert_1,action,"(8, 1, 1)","(128, 1, 1)",0,0,0.002816,0.06,0.0,0.37,2.6363636363600005,0.92,88.09,8.27,100.0,16,1024,17,24.806818181820002,16.67,0.99,0.01,0.01,98.71,1.29,0.0,0.4,0.0,1.1,41.24,0.0,26.25,0.0,0.0,0.0,0.0,4.89,0.0,1.0,1.3,0,0,1.7,action,3.03931,1800.0,action,False
1,107,fusion_558,fusion_558,action,"(64, 1, 1)","(256, 1, 1)",0,2048,0.014303999999999999,10.19,0.0,46.44,337.23489932886,20.51,29.44,16.64,66.67,64,3072,17,429.45413870246006,0.84,2.02,0.14,0.12,88.42,11.58,1.36,0.1,0.03,0.01,0.91,0.47,10.82,0.06,0.0,0.52,0.0,0.11,0.19,1.0,0.58,0,0,0.91,,,,,False
1,108,gemm_fusion_dot_125_0,gemm_fusion_dot_125_0,action,"(2, 1, 1)","(128, 1, 1)",0,32768,0.0054399999999999995,0.46,0.28,2.55,18.44705882353,1.66,79.04,8.31,25.0,94,33792,17,45.12941176471,0.0,1.02,0.18,0.18,81.5,18.5,0.47,0.02,0.03,0.01,1.14,0.03,0.83,0.0,0.0,0.04,0.0,0.43,0.0,1.0,0.31,0,0,1.35,action,0.457729,100.0,action,False
1,109,input_slice_fusion,input_slice_fusion,action,"(3, 1, 1)","(128, 1, 1)",0,0,0.0025599999999999998,0.05,0.0,0.29,2.1,0.96,91.04,7.74,100.0,17,1024,17,25.962500000000002,53.25,1.0,0.03,0.03,97.49,2.51,0.0,0.21,0.06,0.45,18.43,0.0,13.75,0.0,0.0,0.0,0.0,2.35,0.0,1.0,0.86,0,0,2.26,action,0.163584,100.0,action,False
1,110,loop_compare_fusion_3,loop_compare_fusion_3,action,"(1, 1, 1)","(1, 1, 1)",0,0,0.002784,0.0,0.0,0.17,1.24137931034,0.79,92.94,2.08,33.33,16,1024,17,21.48275862069,0.0,1.0,0.02,0.02,98.34,1.66,0.0,0.29,0.0,0.75,29.54,0.0,22.25,0.0,0.0,0.0,0.0,3.57,0.0,1.0,0.0,0,0,0.75,action,0.158912,110.0,action,False
1,111,input_concatenate_fusion,input_concatenate_fusion,vlm_prefill,"(1, 1, 1)","(2, 1, 1)",0,0,0.0033599999999999997,0.01,0.0,0.16,1.1809523809500002,0.8,85.32,2.08,33.33,16,1024,17,21.54285714286,0.0,1.0,0.05,0.05,95.05,4.95,0.0,0.09,0.05,0.26,9.75,0.0,6.34,0.0,0.0,0.0,0.0,1.14,0.0,1.0,0.0,0,0,1.99,vlm_prefill,0.015872,10.0,vlm_prefill,False
5,0,input_concatenate_fusion,input_concatenate_fusion,vlm_prefill,"(1, 1, 1)","(2, 1, 1)",0,0,0.002496,0.01,0.0,0.22,1.58974358974,1.01,93.08,2.08,33.33,16,1024,17,26.692307692310003,0.0,0.99,0.05,0.05,95.06,4.94,0.0,0.09,0.05,0.26,9.15,0.0,6.33,0.0,0.0,0.0,0.0,1.12,0.0,1.0,0.0,0,0,1.99,vlm_prefill,0.015552,10.0,vlm_prefill,False
5,1,wrapped_slice,wrapped_slice,vlm_prefill,"(1, 1, 1)","(2, 1, 1)",0,0,0.00224,0.0,0.0,0.18,1.31428571429,1.03,89.69,2.08,33.33,16,1024,17,27.57142857143,0.0,1.01,0.01,0.01,99.0,1.0,0.0,0.53,0.0,1.4,55.0,0.0,32.67,0.0,0.0,0.0,0.0,6.67,0.0,1.0,0.13,0,0,1.87,vlm_prefill,0.012704,10.0,vlm_prefill,False
5,2,loop_multiply_fusion,loop_multiply_fusion,action,"(13, 1, 1)","(128, 1, 1)",0,0,0.00224,0.72,0.0,0.35,2.51428571429,1.55,89.44,8.06,100.0,16,1024,17,41.54285714286,14.8,0.92,0.09,0.09,90.67,9.33,0.0,0.04,0.0,0.12,4.22,0.0,1.89,0.0,0.0,0.0,0.0,0.65,0.0,1.0,0.18,0,0,1.9,action,0.015552,10.0,action,False
5,3,wrapped_convert,wrapped_convert,vlm_embed,"(1470, 1, 1)","(128, 1, 1)",0,0,0.005503999999999999,8.29,0.0,61.0,441.20930232558004,26.26,80.53,59.51,100.0,16,1024,17,706.93604651163,0.0,7.09,0.14,0.09,91.25,8.75,0.0,0.41,0.23,4.05,12.38,0.0,53.59,0.32,0.0,0.68,0.01,1.54,0.63,1.0,3.04,0,0,2.78,vlm_embed,0.161472,30.0,vlm_embed,False
5,4,loop_divide_fusion,loop_divide_fusion,unknown_library_kernel,"(1470, 1, 1)","(128, 1, 1)",0,0,0.009375999999999999,5.21,0.0,73.76,536.17747440273,24.59,50.66,63.01,100.0,16,1024,17,660.9419795221801,2.99,7.71,0.12,0.07,93.05,6.95,0.0,0.22,0.24,0.94,7.87,0.28,96.34,0.22,0.0,0.38,0.01,0.93,0.72,1.0,0.49,0,0,1.37,unattributed,0.143489,30.0,unattributed,False
5,5,loop_multiply_fusion,loop_multiply_fusion,action,"(1470, 1, 1)","(128, 1, 1)",0,0,0.008896,4.64,0.0,80.02,582.11510791367,25.66,51.01,64.24,100.0,16,1024,17,691.4172661870501,2.99,7.83,0.07,0.04,95.62,4.38,0.0,0.35,0.36,1.49,11.99,0.27,157.55,0.39,0.0,0.19,0.0,1.31,0.52,0.98,1.65,0,0,0.98,action,0.139809,30.0,action,False
5,6,wrapped_convert,wrapped_convert,vlm_embed,"(1470, 1, 1)","(128, 1, 1)",0,0,0.005536,8.41,0.0,61.57,446.4046242774601,26.06,80.55,59.62,100.0,16,1024,17,702.7803468208101,0.0,7.2,0.14,0.09,91.16,8.84,0.0,0.41,0.22,3.87,12.3,0.02,54.21,0.32,0.0,0.66,0.01,1.5,0.61,1.0,3.08,0,0,2.81,vlm_embed,0.161472,30.0,vlm_embed,False
5,7,input_transpose_fusion_13,input_transpose_fusion_13,vlm_embed,"(756, 1, 1)","(128, 1, 1)",4224,0,0.007039999999999999,25.63,0.0,66.16,478.07272727273,24.52,69.66,53.93,100.0,26,5248,17,658.70909090909,1.16,6.64,0.42,0.16,84.31,15.69,3.57,0.09,0.16,1.28,4.34,0.75,25.4,1.14,0.0,1.76,0.01,0.3,1.68,1.0,0.12,0,0,1.39,vlm_embed,0.069344,10.0,vlm_embed,False
5,8,wrapped_convert,wrapped_convert,vlm_embed,"(9, 1, 1)","(128, 1, 1)",0,0,0.002656,0.07,0.0,0.29,2.07228915663,0.99,91.22,8.3,100.0,16,1024,17,26.46987951807,0.0,0.98,0.01,0.01,98.72,1.28,0.0,0.4,0.0,1.08,42.17,0.0,25.81,0.0,0.0,0.0,0.0,4.84,0.0,1.0,1.3,0,0,1.7,vlm_embed,0.017312,10.0,vlm_embed,False
5,9,"void cask__5x_cudnn::computeOffsetsKernel<(bool)0, (bool)0>(cask__5x_cudnn::ComputeOffsetsParams)","void cask__5x_cudnn::computeOffsetsKernel<(bool)0, (bool)0>(cask__5x_cudnn::ComputeOffsetsParams)",unknown_library_kernel,"(2, 1, 1)","(256, 1, 1)",0,0,0.002176,0.08,0.0,0.29,2.05882352941,1.25,93.32,13.14,100.0,16,1024,17,33.26470588235,20.69,1.87,0.1,0.09,91.38,8.62,0.0,0.46,0.09,0.23,15.45,0.0,0.0,0.09,0.0,0.0,0.01,1.83,0.14,1.0,0.39,0,0,2.6,vlm_embed,0.051489,30.0,vlm_embed,False
5,10,_5x_cudnn_ampere_scudnn_128x64_relu_xregs_large_nn_v1,_5x_cudnn_ampere_scudnn_128x64_relu_xregs_large_nn_v1,unknown_library_kernel,"(10, 18, 1)","(128, 1, 1)",16384,0,0.11974399999999999,48.41,0.0,12.97,94.53233564939,29.08,96.98,17.95,25.0,160,17408,17,788.59166221272,81.06,2.16,0.96,0.67,33.0,67.0,0.05,0.01,0.39,0.0,0.03,0.0,0.14,0.02,0.0,0.03,0.0,0.02,0.44,1.0,0.24,0,0,0.83,vlm_embed,3.679189,30.0,vlm_embed,False
5,11,loop_transpose_fusion_7,loop_transpose_fusion_7,unattributed,"(1470, 1, 1)","(128, 1, 1)",0,0,0.009375999999999999,6.59,0.0,71.53,518.08873720137,48.42,74.75,71.43,100.0,16,1024,17,1297.1433447099,55.7,8.86,0.21,0.08,92.23,7.77,0.0,0.19,0.26,7.63,5.97,7.75,80.71,1.19,0.0,1.38,0.01,0.54,1.76,1.0,2.02,0,0,2.0,unattributed,0.278306,30.0,unattributed,False
5,12,_5x_cudnn_ampere_scudnn_128x64_relu_xregs_large_nn_v1,_5x_cudnn_ampere_scudnn_128x64_relu_xregs_large_nn_v1,unknown_library_kernel,"(10, 18, 1)","(128, 1, 1)",16384,0,0.120128,48.37,0.0,12.83,93.49920085242,28.97,97.18,17.95,25.0,160,17408,17,785.86441129462,81.0,2.15,0.97,0.67,32.86,67.14,0.05,0.01,0.39,0.0,0.03,0.0,0.15,0.02,0.0,0.03,0.0,0.02,0.44,1.0,0.24,0,0,0.83,vlm_embed,3.679189,30.0,vlm_embed,False
5,13,input_transpose_fusion_14,input_transpose_fusion_14,vlm_embed,"(1440, 1, 1)","(128, 1, 1)",12672,0,0.042816,19.59,0.0,89.43,651.77578475336,34.05,34.45,50.05,58.33,63,13696,17,694.5104633781801,0.0,6.06,0.15,0.05,94.6,5.4,5.78,0.04,0.08,1.2,1.16,25.83,23.92,0.07,0.0,47.61,0.0,0.1,1.78,1.0,1.57,0,0,1.45,vlm_embed,0.423012,10.0,vlm_embed,False
5,14,input_reduce_fusion_3,input_reduce_fusion_3,vlm_embed,"(640, 1, 1)","(192, 1, 1)",48,0,0.007711999999999999,21.18,0.0,57.11,413.14522821577003,16.88,6.29,67.48,100.0,19,1072,17,409.16182572614,1.55,8.16,0.26,0.16,84.3,15.7,5.95,0.08,0.07,0.15,4.03,0.56,35.27,0.37,0.0,0.04,0.01,0.43,0.64,1.0,1.99,0,0,1.04,vlm_embed,3.119568,840.0,vlm_embed,False
5,15,loop_rsqrt_fusion_3,loop_rsqrt_fusion_3,vlm_embed,"(10, 1, 1)","(128, 1, 1)",0,0,0.002848,0.09,0.0,0.66,4.719101123600001,1.04,83.81,8.25,100.0,16,1024,17,28.03370786517,0.0,1.03,0.02,0.02,98.12,1.88,0.0,0.26,0.01,0.68,26.68,0.0,18.23,0.0,0.0,0.0,0.0,3.09,0.0,1.0,1.32,0,0,2.07,vlm_embed,1.834478,1350.0,vlm_embed,False
5,16,loop_convert_fusion_10,loop_convert_fusion_10,vlm_embed,"(2880, 1, 1)","(128, 1, 1)",0,0,0.009984,18.53,0.0,66.35,481.29487179487,24.31,54.65,76.97,100.0,24,1024,17,655.4006410256401,50.31,9.13,0.45,0.24,75.61,24.39,0.0,0.11,0.33,0.39,2.0,0.32,28.93,0.46,0.0,0.27,0.0,0.29,0.9,1.0,0.55,0,0,1.33,vlm_embed,3.849688,810.0,vlm_embed,False
5,17,loop_dynamic_slice_fusion_12,loop_dynamic_slice_fusion_12,vlm_embed,"(2592, 1, 1)","(128, 1, 1)",0,0,0.024288,4.92,0.0,83.82,610.41370223979,36.23,50.39,72.1,100.0,16,1024,17,661.16864295125,2.02,8.89,0.05,0.03,97.45,2.55,0.0,0.28,0.44,36.09,5.61,44.19,233.11,1.07,0.0,11.25,0.01,0.92,1.18,1.01,11.92,0,0,2.36,vlm_embed,20.515428,810.0,vlm_embed,False
5,18,gemm_fusion_dot_113_0,gemm_fusion_dot_113_0,vlm_embed,"(270, 1, 1)","(128, 1, 1)",0,49152,0.091712,69.94,69.94,41.16,299.83670621075004,68.11,90.61,14.71,16.67,255,50176,17,1837.2592463363603,0.0,1.77,0.21,0.17,82.57,17.43,0.69,0.02,0.04,0.07,0.11,0.18,0.49,5.28,0.0,0.23,0.0,0.02,0.23,1.0,0.04,0,0,1.81,vlm_embed,77.712192,810.0,vlm_embed,False
5,19,input_transpose_fusion_7,input_transpose_fusion_7,vlm_embed,"(1440, 1, 1)","(128, 1, 1)",2112,0,0.00992,45.11,0.0,72.17,522.11612903226,22.85,51.47,70.96,100.0,40,3136,17,614.35161290323,21.23,8.55,0.53,0.16,83.98,16.02,4.01,0.09,0.32,0.58,2.87,9.16,15.95,0.22,0.0,13.28,0.0,0.33,2.31,1.0,0.86,0,0,2.3,vlm_embed,5.724055,810.0,vlm_embed,False
5,20,loop_convert_fusion_12,loop_convert_fusion_12,vlm_embed,"(2880, 1, 1)","(128, 1, 1)",0,0,0.010048,10.8,0.0,65.24,475.51592356688,24.1,54.85,73.54,100.0,16,1024,17,650.82802547771,25.91,9.0,0.26,0.13,86.59,13.41,0.0,0.2,0.36,0.81,3.34,0.0,56.91,0.65,0.0,0.23,0.01,0.46,0.89,1.0,0.95,0,0,2.04,vlm_embed,7.822138,810.0,vlm_embed,False
5,21,gemm_fusion_dot_125_0,gemm_fusion_dot_125_0,vlm_embed,"(8, 80, 1)","(128, 1, 1)",0,12288,0.028704,24.74,24.74,72.85,530.16276477146,39.06,80.21,20.99,25.0,154,13312,17,1054.51393534002,6.74,2.48,0.29,0.22,77.83,22.17,1.4,0.02,0.16,0.6,0.33,0.08,4.38,1.07,0.0,0.38,0.0,0.06,0.3,1.0,0.34,0,0,1.2,vlm_embed,23.124835,810.0,vlm_embed,False
5,22,fusion_271,fusion_271,vlm_embed,"(320, 1, 1)","(256, 1, 1)",0,0,0.030944,25.03,0.0,88.33,643.26370217166,37.35,50.51,52.6,83.33,48,1024,17,686.9276111685601,0.0,6.39,0.41,0.24,76.37,23.63,0.0,0.01,0.03,0.87,0.67,0.25,12.58,0.15,0.0,2.7,0.0,0.05,0.73,1.0,6.58,0,0,1.2,vlm_embed,23.260445999999998,810.0,vlm_embed,False
5,23,input_transpose_fusion_6,input_transpose_fusion_6,vlm_embed,"(1440, 1, 1)","(128, 1, 1)",2112,0,0.010079999999999999,44.05,0.0,70.47,512.54603174603,22.39,51.48,72.14,100.0,40,3136,17,604.7460317460301,21.29,8.98,0.53,0.16,83.67,16.33,4.3,0.09,0.31,0.59,3.0,9.39,17.23,0.23,0.0,13.5,0.0,0.35,2.26,1.0,0.84,0,0,2.3,vlm_embed,8.675294,810.0,vlm_embed,False
5,24,gemm_fusion_dot_126_0,gemm_fusion_dot_126_0,vlm_embed,"(6, 80, 1)","(128, 1, 1)",0,30720,0.027808,25.85,25.85,81.65,594.61910241657,54.19,66.65,23.02,25.0,96,31744,17,1460.6559263521299,0.0,2.77,0.14,0.11,89.05,10.95,5.76,0.01,0.14,0.12,1.13,1.49,6.04,1.93,0.0,4.04,0.0,0.09,0.31,1.0,1.14,0,0,1.66,,,,,False
5,25,gemm_fusion_dot_57_0,gemm_fusion_dot_57_0,vlm_embed,"(36, 5, 1)","(128, 1, 1)",0,36864,0.045472,47.84,47.84,24.33,177.14567206193001,67.52,92.86,16.0,16.67,168,37888,17,1822.8627726952802,0.0,1.93,0.18,0.17,83.32,16.68,1.4,0.02,0.02,0.08,0.23,0.03,4.47,2.59,0.0,0.1,0.01,0.04,0.1,1.0,0.3,0,0,1.18,vlm_embed,38.742484,810.0,vlm_embed,False
5,26,input_reduce_fusion_4,input_reduce_fusion_4,vlm_embed,"(640, 1, 1)","(192, 1, 1)",48,0,0.012992,16.02,0.0,71.69,522.58128078818,26.0,6.29,70.93,100.0,30,1072,17,485.42610837438,32.31,8.54,0.19,0.12,87.78,12.22,4.34,0.06,0.16,0.09,3.01,1.43,55.25,0.16,0.0,0.26,0.0,0.31,0.59,1.0,1.52,0,0,1.03,vlm_embed,6.250306,810.0,vlm_embed,False
5,27,loop_rsqrt_fusion_2,loop_rsqrt_fusion_2,vlm_embed,"(10, 1, 1)","(128, 1, 1)",0,0,0.002784,0.1,0.0,0.67,4.8275862068999995,1.06,81.54,8.24,100.0,16,1024,17,28.517241379310004,33.33,1.13,0.02,0.02,98.14,1.86,0.0,0.27,0.0,0.72,26.03,0.0,18.6,0.0,0.0,0.0,0.0,3.21,0.0,1.0,1.37,0,0,2.17,vlm_embed,0.41402,270.0,vlm_embed,False
5,28,loop_convert_fusion_11,loop_convert_fusion_11,vlm_embed,"(2880, 1, 1)","(128, 1, 1)",0,0,0.014976,14.42,0.0,75.89,550.42735042735,24.16,38.8,81.25,100.0,22,1024,17,651.12606837607,49.11,9.89,0.26,0.17,83.06,16.94,0.0,0.09,0.25,0.3,1.71,0.64,51.51,0.26,0.0,0.17,0.0,0.24,0.55,1.0,0.41,0,0,1.16,vlm_embed,7.710698,810.0,vlm_embed,False
5,29,gemm_fusion_dot_58_0,gemm_fusion_dot_58_0,vlm_embed,"(340, 1, 1)","(128, 1, 1)",0,49152,0.11420799999999999,72.73,72.73,48.96,356.89997198095006,68.25,91.5,15.27,16.67,255,50176,17,1846.11179602129,0.0,1.82,0.21,0.17,83.05,16.95,0.98,0.02,0.03,0.03,0.09,0.17,0.51,5.55,0.0,0.24,0.0,0.01,0.24,1.0,0.04,0,0,1.81,vlm_embed,96.517502,810.0,vlm_embed,False
5,30,loop_convert_fusion_9,loop_convert_fusion_9,vlm_embed,"(10760, 1, 1)","(128, 1, 1)",0,0,0.03376,34.54,0.0,85.79,624.70521327014,30.69,51.89,79.64,100.0,31,1024,17,681.69573459716,63.31,9.84,1.05,0.38,61.92,38.08,0.0,0.05,0.11,0.21,0.23,0.0,21.39,0.47,0.0,0.01,0.0,0.07,1.69,1.0,0.21,0,0,0.64,vlm_embed,26.851057,810.0,vlm_embed,False
5,31,gemm_fusion_dot_59_0,gemm_fusion_dot_59_0,vlm_embed,"(180, 1, 1)","(128, 1, 1)",0,12288,0.14707199999999998,54.86,54.86,21.82,159.03655352479998,72.7,93.02,17.75,25.0,156,13312,17,1970.8331157528303,3.9,2.12,0.14,0.13,86.93,13.07,1.64,0.05,0.03,0.03,0.08,0.0,6.48,2.82,0.0,0.64,0.0,0.04,0.11,1.0,0.55,0,0,2.76,vlm_embed,127.463941,810.0,vlm_embed,False
5,32,loop_convert_fusion_13,loop_convert_fusion_13,vlm_embed,"(2880, 1, 1)","(128, 1, 1)",0,0,0.018751999999999998,7.67,0.0,80.99,590.12969283276,31.83,28.11,79.84,100.0,19,1024,17,657.0051194539201,48.05,9.75,0.12,0.09,91.31,8.69,0.0,0.12,0.25,0.4,2.15,0.39,102.42,0.32,0.0,0.25,0.0,0.31,0.41,1.0,0.55,0,0,1.34,vlm_embed,12.562229,810.0,vlm_embed,False
5,33,loop_add_fusion_2,loop_add_fusion_2,vlm_embed,"(1, 1, 1)","(1, 1, 1)",0,0,0.0027199999999999998,0.0,0.0,0.16,1.1764705882400002,0.82,93.25,2.08,33.33,16,1024,17,21.96470588235,50.0,0.98,0.01,0.01,98.96,1.04,0.0,0.47,0.0,1.24,49.65,0.0,37.12,0.0,0.0,0.0,0.0,5.82,0.0,1.0,0.0,0,0,1.18,"action,vlm_embed,vlm_prefill",4.840761,2790.0,"action,vlm_embed,vlm_prefill",False
5,34,input_reduce_fusion_3,input_reduce_fusion_3,vlm_embed,"(640, 1, 1)","(192, 1, 1)",48,0,0.007808,21.1,0.0,56.7,410.45901639344004,16.69,6.3,66.77,100.0,19,1072,17,404.13524590164,1.6,8.29,0.26,0.16,84.15,15.85,5.48,0.08,0.07,0.15,4.02,0.56,35.59,0.37,0.0,0.03,0.01,0.43,0.63,1.0,1.98,0,0,1.04,vlm_embed,3.119568,840.0,vlm_embed,False
5,35,input_reduce_fusion_3,input_reduce_fusion_3,vlm_embed,"(640, 1, 1)","(192, 1, 1)",48,0,0.007808,21.25,0.0,56.63,409.93442622951005,16.66,6.33,67.71,100.0,19,1072,17,404.24180327869004,1.63,8.3,0.26,0.16,84.27,15.73,6.06,0.08,0.07,0.15,4.18,0.55,35.43,0.37,0.0,0.05,0.01,0.45,0.65,1.0,1.96,0,0,1.04,vlm_embed,3.119568,840.0,vlm_embed,False
5,36,loop_convert_fusion_22,loop_convert_fusion_22,vlm_embed,"(2880, 1, 1)","(128, 1, 1)",0,0,0.027488,10.01,0.0,83.77,609.66239813737,31.82,52.11,73.17,100.0,35,1024,17,682.3620488940601,28.25,9.21,0.2,0.12,88.37,11.63,0.0,0.06,0.36,7.4,1.01,11.98,47.72,0.25,0.0,5.34,0.0,0.17,0.74,1.0,2.29,0,0,0.68,vlm_embed,0.249984,10.0,vlm_embed,False
5,37,gemm_fusion_dot_96_0,gemm_fusion_dot_96_0,vlm_embed,"(480, 1, 1)","(128, 1, 1)",0,49152,0.13568,84.82,84.82,49.47,360.51226415094004,81.76,91.02,15.61,16.67,255,50176,17,2205.43702830189,0.0,1.87,0.22,0.17,82.79,17.21,0.94,0.02,0.03,0.07,0.07,0.17,0.58,5.65,0.0,0.2,0.0,0.01,0.25,1.0,0.02,0,0,1.88,vlm_embed,1.516519,10.0,vlm_embed,False
5,38,input_concatenate_fusion_4,input_concatenate_fusion_4,vlm_embed,"(5120, 1, 1)","(128, 1, 1)",0,0,0.053536,5.39,0.0,88.83,646.9982068141101,37.11,56.36,90.86,100.0,20,1024,17,689.6258218768701,19.19,10.92,0.05,0.03,96.61,3.39,0.0,0.17,0.24,17.66,1.49,38.74,240.25,0.22,0.0,11.97,0.0,0.28,0.56,1.0,8.13,0,0,1.91,vlm_embed,0.538947,10.0,vlm_embed,False
5,39,input_concatenate_fusion_5,input_concatenate_fusion_5,vlm_embed,"(10, 1, 1)","(128, 1, 1)",0,0,0.002976,0.19,0.0,0.21,1.54838709677,0.94,92.47,7.98,100.0,16,1024,17,25.2688172043,60.48,0.96,0.02,0.02,98.19,1.81,0.0,0.23,0.0,0.56,22.17,0.0,24.39,0.0,0.0,0.0,0.03,2.6,0.0,1.0,1.01,0,0,1.82,vlm_embed,0.018369,10.0,vlm_embed,False
5,40,loop_reduce_window_fusion_1,loop_reduce_window_fusion_1,unattributed,"(3, 1, 1)","(128, 1, 1)",0,0,0.007647999999999999,0.46,0.0,0.17,1.25523012552,0.64,54.66,6.92,100.0,29,1024,17,17.23012552301,99.19,1.0,0.15,0.15,84.92,15.08,0.0,0.3,0.0,0.01,0.5,0.0,2.93,0.07,0.0,0.0,0.0,0.12,0.0,1.0,0.02,0,0,1.67,vlm_embed,0.055392,10.0,vlm_embed,False
5,41,loop_add_fusion_6,loop_add_fusion_6,unattributed,"(38, 1, 1)","(128, 1, 1)",0,0,0.003456,1.7,0.0,0.44,3.22222222222,1.18,89.02,8.24,100.0,19,1024,17,31.88888888889,79.24,0.98,0.06,0.06,94.36,5.64,0.0,0.12,0.01,0.17,5.99,0.0,7.89,0.0,0.0,0.0,0.0,0.66,0.0,1.0,0.18,0,0,1.64,vlm_embed,0.015361,10.0,vlm_embed,False
5,42,loop_reduce_window_fusion,loop_reduce_window_fusion,unattributed,"(39, 1, 1)","(128, 1, 1)",0,0,0.0024,0.23,0.0,0.19,1.33333333333,1.31,95.23,8.12,100.0,16,1024,17,35.22666666667,0.0,1.01,0.02,0.02,98.41,1.59,0.0,0.51,0.12,1.11,49.52,0.0,0.0,0.0,0.0,0.0,0.06,5.47,0.0,1.0,1.51,0,0,2.82,vlm_embed,0.010752,10.0,vlm_embed,False
5,43,loop_slice_fusion_4,loop_slice_fusion_4,unattributed,"(38, 1, 1)","(128, 1, 1)",0,0,0.004992,1.94,0.0,0.73,5.28205128205,1.29,84.48,6.9,100.0,36,1024,17,34.90384615385,70.04,0.99,0.05,0.05,94.89,5.11,0.0,0.5,0.04,0.11,4.4,0.05,10.17,0.0,0.0,0.0,0.0,0.78,0.0,1.0,0.13,0,0,2.15,vlm_embed,0.027008,10.0,vlm_embed,False
5,44,loop_and_fusion,loop_and_fusion,unattributed,"(9151, 1, 1)","(128, 1, 1)",0,0,0.011167999999999999,37.07,0.0,43.81,318.45272206303997,22.76,99.51,64.97,100.0,16,1024,17,614.22636103152,78.86,7.74,1.0,0.42,57.74,42.26,0.0,0.14,0.3,0.4,0.6,0.06,10.04,1.2,0.0,0.04,0.0,0.18,1.33,1.0,0.53,0,0,2.19,vlm_embed,0.098688,10.0,vlm_embed,False
5,45,loop_broadcast_fusion,loop_broadcast_fusion,unattributed,"(43560, 1, 1)","(128, 1, 1)",0,0,0.12595199999999998,5.37,0.0,95.97,699.49288617886,38.4,99.99,67.67,100.0,16,1024,17,710.2200203252,0.0,8.21,0.04,0.03,97.22,2.78,0.0,0.67,0.15,106.93,0.75,33.91,0.0,0.05,0.0,75.43,0.0,0.65,0.54,1.0,70.5,0,0,1.71,vlm_embed,1.262664,10.0,vlm_embed,False
5,46,loop_convert_fusion_3,loop_convert_fusion_3,vlm_prefill,"(16, 1, 1)","(128, 1, 1)",0,0,0.0029119999999999997,0.14,0.0,0.35,2.5054945054899997,0.93,88.53,8.31,100.0,16,1024,17,25.186813186810003,35.0,1.01,0.02,0.02,98.49,1.51,0.0,0.27,0.0,0.73,26.77,0.0,32.83,0.0,0.0,0.0,0.0,3.06,0.0,1.0,0.0,0,0,1.77,vlm_prefill,0.681699,360.0,vlm_prefill,False
5,47,fusion_110,fusion_110,vlm_prefill,"(605, 1, 1)","(256, 1, 1)",0,256,0.05968,8.58,0.0,88.43,644.1737265415501,37.72,50.51,43.79,50.0,80,1280,17,674.93780160858,5.07,5.29,0.14,0.09,91.33,8.67,4.88,0.01,0.06,3.47,0.56,6.13,30.9,0.1,0.0,7.04,0.0,0.06,0.67,1.0,4.67,0,0,0.74,vlm_prefill,10.724261,180.0,vlm_prefill,False
5,48,loop_transpose_fusion_1,loop_transpose_fusion_1,vlm_prefill,"(8192, 1, 1)","(128, 1, 1)",0,0,0.025824,7.38,0.0,84.53,615.94547707559,27.58,50.22,75.82,100.0,16,1024,17,656.75836431227,5.87,9.41,0.08,0.07,93.24,6.76,0.0,0.31,0.06,1.22,1.96,0.0,130.12,0.12,0.0,0.17,0.0,0.45,0.25,1.0,1.26,0,0,2.1,vlm_prefill,4.919585,180.0,vlm_prefill,False
5,49,gemm_fusion_dot_69_0,gemm_fusion_dot_69_0,vlm_prefill,"(608, 1, 1)","(128, 1, 1)",0,49152,0.31628799999999996,85.75,85.75,52.73,384.31242411979,76.53,88.11,15.84,16.67,255,50176,17,2074.62545528126,0.0,1.9,0.23,0.18,81.63,18.37,0.86,0.02,0.01,0.01,0.03,0.08,0.22,5.99,0.0,0.12,0.01,0.01,0.26,1.0,0.02,0,0,1.73,vlm_prefill,64.560086,180.0,vlm_prefill,False
5,50,loop_power_fusion,loop_power_fusion,vlm_prefill,"(1, 1, 1)","(128, 1, 1)",0,0,0.002496,0.03,0.0,0.22,1.58974358974,0.98,92.62,7.84,100.0,16,1024,17,26.21794871795,0.0,1.01,0.06,0.06,93.92,6.08,0.0,0.26,0.01,0.3,11.16,0.0,0.0,0.0,0.0,0.0,0.0,1.7,0.0,1.0,0.12,0,0,1.47,vlm_prefill,0.249376,180.0,vlm_prefill,False
5,51,loop_cosine_sine_fusion,loop_cosine_sine_fusion,vlm_prefill,"(1210, 1, 1)","(128, 1, 1)",0,0,0.008735999999999999,32.79,0.0,56.27,407.89743589744,22.36,99.26,62.94,100.0,40,1024,17,602.0695970696,33.83,7.28,2.0,0.44,56.11,43.89,0.0,0.45,0.41,1.05,1.63,0.18,4.12,1.56,0.0,0.21,0.0,0.93,3.56,1.0,0.77,0,0,1.29,vlm_prefill,1.190728,180.0,vlm_prefill,False
5,52,input_transpose_fusion_1,input_transpose_fusion_1,vlm_prefill,"(4840, 1, 1)","(128, 1, 1)",4224,0,0.047616,22.68,0.0,89.81,653.8897849462401,41.5,61.52,89.25,100.0,34,5248,17,681.67876344086,34.99,10.72,0.25,0.08,92.08,7.92,8.18,0.08,0.15,3.22,0.72,28.95,42.18,0.06,0.0,43.62,0.0,0.13,2.23,1.0,3.18,0,0,1.43,vlm_prefill,8.729818,180.0,vlm_prefill,False
5,53,input_transpose_fusion_2,input_transpose_fusion_2,vlm_prefill,"(4840, 1, 1)","(128, 1, 1)",8448,0,0.106656,19.39,0.0,91.35,665.6921692169201,44.14,41.66,77.34,83.33,48,9472,17,677.42394239424,19.31,9.31,0.22,0.06,94.42,5.58,9.41,0.04,0.11,1.96,0.44,56.08,32.09,0.03,0.0,58.37,0.0,0.07,2.93,1.0,3.04,0,0,1.52,vlm_prefill,19.228023,180.0,vlm_prefill,False
5,54,input_transpose_fusion_3,input_transpose_fusion_3,vlm_prefill,"(4840, 1, 1)","(128, 1, 1)",4224,0,0.062304,20.48,0.0,92.06,670.7241910631701,45.88,23.74,92.47,100.0,37,5248,17,680.07858243451,29.21,11.11,0.25,0.07,92.96,7.04,9.54,0.06,0.23,1.06,0.57,42.98,61.64,0.08,0.0,33.52,0.0,0.1,2.52,1.0,2.98,0,0,1.5,vlm_prefill,11.263974,180.0,vlm_prefill,False
5,55,wrapped_concatenate,wrapped_concatenate,vlm_prefill,"(9680, 1, 1)","(128, 1, 1)",0,0,0.059232,4.44,0.0,89.56,652.3760129659601,40.57,50.03,83.13,100.0,16,1024,17,673.2171799027601,0.0,10.13,0.05,0.04,96.07,3.93,0.0,0.24,0.24,27.74,1.24,6.59,190.77,0.36,0.0,9.34,0.0,0.32,0.38,1.0,14.93,0,0,1.79,vlm_prefill,10.522819,180.0,vlm_prefill,False
5,56,gemm_fusion_dot_68_0,gemm_fusion_dot_68_0,vlm_prefill,"(38, 2, 1)","(256, 1, 1)",0,49152,0.08032,79.9,79.9,43.44,316.60079681275005,57.36,90.34,16.65,16.67,250,50176,17,1552.6027888446201,0.0,2.0,0.21,0.16,83.75,16.25,1.21,0.02,0.01,0.04,0.11,0.17,0.24,7.05,0.0,0.14,0.0,0.02,0.32,1.0,0.06,0,0,1.97,vlm_prefill,17.204368,180.0,vlm_prefill,False
5,57,input_concatenate_fusion,input_concatenate_fusion,vlm_prefill,"(1210, 1, 1)","(128, 1, 1)",0,0,0.015936,4.05,0.0,78.42,570.85140562249,29.91,25.94,71.75,100.0,28,1024,17,630.3654618473901,0.0,8.75,0.09,0.05,95.38,4.62,0.0,0.12,0.2,17.72,4.84,4.02,154.66,0.64,0.0,0.69,0.01,0.5,0.88,1.0,1.68,0,0,0.71,vlm_prefill,2.520551,180.0,vlm_prefill,False
5,58,gemm_fusion_dot_90_0,gemm_fusion_dot_90_0,vlm_prefill,"(968, 5, 1)","(128, 1, 1)",0,40960,0.27993599999999996,46.62,46.62,84.08,612.77823502515,80.26,96.27,16.31,16.67,194,41984,17,2174.95839048925,0.0,1.96,0.25,0.2,80.05,19.95,1.75,0.0,0.16,0.11,0.04,0.22,1.75,1.59,0.0,1.48,0.0,0.02,0.23,1.0,0.38,0,0,1.08,vlm_prefill,53.422587,180.0,vlm_prefill,False
5,59,input_reduce_select_fusion,input_reduce_select_fusion,vlm_prefill,"(305, 1, 1)","(1024, 1, 1)",16512,0,0.452256,3.43,0.0,92.29,672.65888346423,40.67,50.35,66.63,66.67,64,17536,17,691.3840656619301,36.41,7.97,0.05,0.03,97.29,2.71,19.37,0.07,0.02,0.06,0.28,5.86,263.56,0.38,0.0,2.22,0.0,0.06,0.67,1.0,0.03,0,0,1.28,vlm_prefill,81.721603,180.0,vlm_prefill,False
5,60,input_reduce_fusion,input_reduce_fusion,vlm_mixed,"(605, 1, 1)","(1024, 1, 1)",8320,0,0.222304,10.5,0.0,93.97,684.96329350799,43.54,0.59,66.47,66.67,40,9344,17,679.27796171009,3.75,8.03,0.17,0.11,89.07,10.93,5.74,0.04,0.09,0.06,0.15,0.27,64.24,0.14,0.0,0.59,0.0,0.04,0.57,1.0,0.52,0,0,0.67,vlm_prefill,40.417913,180.0,vlm_prefill,False
5,61,loop_transpose_fusion,loop_transpose_fusion,vlm_prefill,"(73205, 1, 1)","(128, 1, 1)",0,0,0.747552,7.12,0.0,41.34,301.32511450708006,89.24,91.69,72.83,100.0,26,1024,17,2420.91117674757,50.86,8.82,0.12,0.07,92.86,7.14,0.0,0.07,0.1,8.29,0.04,41.91,36.57,0.02,0.0,26.88,0.0,0.06,0.61,1.0,6.84,0,0,1.04,vlm_prefill,163.880687,180.0,vlm_prefill,False
5,62,wrapped_slice,wrapped_slice,vlm_prefill,"(2420, 1, 1)","(128, 1, 1)",0,0,0.008159999999999999,6.63,0.0,63.14,457.03529411765004,23.18,51.17,67.85,100.0,16,1024,17,623.3921568627501,0.0,8.42,0.06,0.05,94.99,5.01,0.0,0.59,0.14,1.95,12.01,0.0,147.2,0.4,0.0,0.08,0.0,1.59,0.28,1.0,2.43,0,0,2.3,vlm_prefill,1.254311,180.0,vlm_prefill,False
5,63,ampere_bf16_s16816gemm_bf16_256x128_ldg8_f2f_stages_32x3_nt,ampere_bf16_s16816gemm_bf16_256x128_ldg8_f2f_stages_32x3_nt,unknown_library_kernel,"(31, 2, 5)","(256, 1, 1)",49152,24576,0.195232,65.41,65.41,83.2,606.45009014916,46.62,59.64,16.65,16.67,218,74752,17,1264.89247664317,0.0,2.01,0.14,0.1,90.18,9.82,2.79,0.14,0.01,0.01,0.07,0.07,2.45,9.44,0.0,0.3,0.0,0.05,0.44,1.0,0.07,0,0,3.38,vlm_prefill,37.352489,180.0,vlm_prefill,False
5,64,input_transpose_fusion,input_transpose_fusion,vlm_prefill,"(2560, 1, 1)","(128, 1, 1)",8320,0,0.058432,22.28,0.0,90.83,661.6604600219101,41.61,52.35,74.39,83.33,39,9344,17,722.13636363636,0.75,8.92,0.24,0.06,94.1,5.9,7.52,0.1,0.08,1.43,0.78,13.83,24.92,0.09,0.0,87.46,0.0,0.1,2.99,1.0,8.81,0,0,1.89,vlm_prefill,10.69249,180.0,vlm_prefill,False
5,65,gemm_fusion_dot_75_0,gemm_fusion_dot_75_0,vlm_prefill,"(608, 1, 1)","(128, 1, 1)",0,49152,0.316992,85.48,85.48,52.49,382.60771249748,76.34,88.34,15.84,16.67,255,50176,17,2070.01918029477,0.0,1.9,0.23,0.18,81.66,18.34,0.86,0.02,0.01,0.01,0.03,0.08,0.23,6.02,0.0,0.11,0.01,0.01,0.26,1.0,0.02,0,0,1.73,vlm_prefill,64.640574,180.0,vlm_prefill,False
5,66,loop_convert_fusion_3,loop_convert_fusion_3,vlm_prefill,"(16, 1, 1)","(128, 1, 1)",0,0,0.0029119999999999997,0.15,0.0,0.35,2.54945054945,0.93,88.97,8.3,100.0,16,1024,17,25.0,35.0,0.99,0.02,0.02,98.47,1.53,0.0,0.27,0.0,0.72,26.82,0.0,31.65,0.0,0.0,0.0,0.0,3.08,0.0,1.0,0.0,0,0,1.77,vlm_prefill,0.681699,360.0,vlm_prefill,False
5,67,loop_slice_fusion,loop_slice_fusion,vlm_prefill,"(65536, 1, 1)","(128, 1, 1)",0,0,0.394592,5.11,0.0,92.96,677.5862460465501,31.04,50.04,88.83,100.0,16,1024,17,681.0245722163701,3.03,10.64,0.04,0.03,97.09,2.91,0.0,0.3,0.25,46.49,0.24,27.22,232.32,0.07,0.0,25.18,0.0,0.28,0.29,1.0,24.75,0,0,1.93,vlm_prefill,71.132224,180.0,vlm_prefill,False
5,68,void cutlass::Kernel2<cutlass_80_tensorop_bf16_s16816gemm_relu_bf16_256x128_32x3_nn_align8>(T1::Params),cutlass_80_tensorop_bf16_s16816gemm_relu_bf16_256x128_32x3_nn_align8,unknown_library_kernel,"(304, 8, 1)","(256, 1, 1)",0,73728,2.384512,91.58,91.58,36.82,268.43298083633,61.48,90.19,16.66,16.67,215,74752,17,1668.4681008105601,0.0,1.99,0.19,0.13,86.88,13.12,0.21,0.03,0.0,0.01,0.01,0.02,0.28,10.06,0.0,0.09,0.0,0.03,0.48,1.0,0.16,0,0,2.82,vlm_prefill,963.606409,360.0,vlm_prefill,False
5,69,loop_convert_fusion,loop_convert_fusion,vlm_prefill,"(154880, 1, 1)","(128, 1, 1)",0,0,0.69344,21.95,0.0,93.97,684.97258883249,26.82,33.36,83.97,100.0,35,1024,17,686.7670050761401,0.0,10.13,0.31,0.22,77.98,22.02,0.0,0.05,0.02,2.38,0.02,0.04,40.51,0.07,0.0,0.05,0.0,0.05,0.39,1.0,0.61,0,0,0.42,vlm_prefill,125.075476,180.0,vlm_prefill,False
5,70,ampere_bf16_s16816gemm_bf16_256x128_ldg8_f2f_stages_32x3_nn,ampere_bf16_s16816gemm_bf16_256x128_ldg8_f2f_stages_32x3_nn,unknown_library_kernel,"(8, 38, 3)","(256, 1, 1)",49152,24576,2.299328,94.04,94.04,33.26,242.44267542517002,62.76,89.4,16.63,16.67,218,74752,17,1704.82552119576,0.0,2.0,0.17,0.11,89.06,10.94,0.13,0.05,0.0,0.0,0.01,0.01,0.14,12.65,0.01,0.05,0.0,0.02,0.56,1.0,0.01,0,0,3.62,vlm_prefill,469.741718,180.0,vlm_prefill,False
5,71,loop_convert_fusion_1,loop_convert_fusion_1,vlm_prefill,"(19360, 1, 1)","(128, 1, 1)",0,0,0.11494399999999999,4.77,0.0,93.91,684.3853006681501,47.15,25.09,87.91,100.0,18,1024,17,691.89309576837,19.09,10.6,0.05,0.05,95.14,4.86,0.0,0.19,0.03,0.66,0.43,0.07,212.81,0.05,0.0,0.02,0.0,0.21,0.08,1.0,0.61,0,0,1.08,vlm_prefill,20.739585,180.0,vlm_prefill,False
5,72,loop_dynamic_update_slice_fusion_1,loop_dynamic_update_slice_fusion_1,vlm_prefill,"(2420, 1, 1)","(128, 1, 1)",0,0,0.008159999999999999,8.67,0.0,64.26,467.07450980392,23.26,51.07,69.3,100.0,16,1024,17,625.2901960784301,5.83,8.15,0.13,0.07,92.54,7.46,0.0,0.39,0.21,1.27,8.13,0.23,93.37,0.3,0.0,0.28,0.01,1.14,0.75,1.0,0.93,0,0,2.12,vlm_prefill,1.344394,180.0,vlm_prefill,False
5,73,loop_dynamic_update_slice_fusion,loop_dynamic_update_slice_fusion,vlm_prefill,"(2420, 1, 1)","(128, 1, 1)",0,0,0.008256,8.75,0.0,66.73,484.00000000000006,22.9,51.2,69.63,100.0,16,1024,17,616.42635658915,5.83,8.4,0.13,0.08,92.47,7.53,0.0,0.39,0.21,1.27,8.07,0.25,93.54,0.31,0.0,0.26,0.01,1.13,0.73,1.0,0.91,0,0,2.11,vlm_prefill,1.471626,180.0,vlm_prefill,False
5,74,loop_add_fusion_2,loop_add_fusion_2,vlm_embed,"(1, 1, 1)","(1, 1, 1)",0,0,0.002688,0.0,0.0,0.16,1.19047619048,0.82,92.95,2.08,33.33,16,1024,17,22.28571428571,50.0,1.05,0.01,0.01,98.88,1.12,0.0,0.47,0.0,1.24,49.59,0.0,28.76,0.0,0.0,0.0,0.0,5.82,0.0,1.0,0.0,0,0,1.18,"action,vlm_embed,vlm_prefill",4.840761,2790.0,"action,vlm_embed,vlm_prefill",False
5,75,loop_convert_fusion_3,loop_convert_fusion_3,vlm_prefill,"(16, 1, 1)","(128, 1, 1)",0,0,0.002976,0.15,0.0,0.35,2.49462365591,0.92,90.33,8.31,100.0,16,1024,17,24.56989247312,34.78,1.03,0.02,0.02,98.47,1.53,0.0,0.27,0.0,0.72,26.63,0.0,31.97,0.0,0.0,0.0,0.0,3.05,0.0,1.0,0.0,0,0,1.77,vlm_prefill,0.681699,360.0,vlm_prefill,False
5,76,copy_fusion,copy_fusion,unattributed,"(13, 1, 1)","(128, 1, 1)",0,0,0.0025919999999999997,0.16,0.0,0.55,3.9506172839500002,1.18,87.54,8.04,100.0,16,1024,17,31.703703703700004,19.32,1.02,0.02,0.02,97.89,2.11,0.0,0.56,0.11,0.61,23.51,0.0,15.28,0.0,0.0,0.0,0.08,2.92,0.0,1.0,0.7,0,0,2.66,unattributed,0.023327999999999998,10.0,unattributed,False
5,77,loop_compare_fusion_3,loop_compare_fusion_3,action,"(1, 1, 1)","(1, 1, 1)",0,0,0.0027519999999999997,0.0,0.0,0.19,1.3488372093,0.82,92.99,2.08,33.33,16,1024,17,21.74418604651,0.0,1.02,0.02,0.02,98.22,1.78,0.0,0.29,0.0,0.75,30.14,0.0,19.93,0.0,0.0,0.0,0.0,3.54,0.0,1.0,0.0,0,0,0.75,action,0.15965000000000001,110.0,action,False
5,78,input_concatenate_fusion_3,input_concatenate_fusion_3,action,"(20, 1, 1)","(128, 1, 1)",0,0,0.0028799999999999997,1.01,0.0,0.41,2.9333333333300002,1.59,91.88,8.31,100.0,27,1024,17,42.7,8.33,1.01,0.09,0.09,90.94,9.06,0.0,0.27,0.01,0.08,4.63,0.0,1.95,0.0,0.0,0.0,0.0,1.68,0.0,1.0,0.29,0,0,1.14,action,0.180993,100.0,action,False
5,79,gemm_fusion_dot_121_0,gemm_fusion_dot_121_0,action,"(256, 1, 1)","(128, 1, 1)",0,4096,0.004256,11.77,2.94,2.79,20.09022556391,7.82,90.75,22.68,100.0,39,5120,17,209.45112781955,20.36,2.7,0.27,0.19,80.89,19.11,1.75,0.04,0.1,0.13,4.75,0.0,3.26,0.41,0.0,0.43,0.0,0.23,0.43,1.0,0.6,0,0,1.07,,,,,False
5,80,loop_convert_fusion_21,loop_convert_fusion_21,action,"(400, 1, 1)","(128, 1, 1)",0,0,0.003168,3.3,0.0,9.62,69.37373737374001,5.62,56.1,31.73,100.0,16,1024,17,150.44444444444002,17.01,3.81,0.07,0.05,94.56,5.44,0.0,0.32,0.27,0.86,26.61,0.08,34.61,0.27,0.0,0.0,0.0,1.85,0.36,1.0,1.18,0,0,1.6,action,0.180832,100.0,action,False
5,81,gemm_fusion_dot_118_0,gemm_fusion_dot_118_0,action,"(32, 1, 1)","(128, 1, 1)",0,12288,0.009152,8.72,5.04,34.46,249.84615384615,11.9,27.29,8.31,58.33,48,13312,17,320.22377622378,0.0,1.02,0.23,0.23,77.16,22.84,0.45,0.04,0.01,0.01,0.52,0.0,0.9,0.0,0.0,0.03,0.0,0.06,0.0,1.0,0.6,0,0,0.85,,,,,False
5,82,loop_multiply_fusion,loop_multiply_fusion,action,"(40, 1, 1)","(128, 1, 1)",0,0,0.002816,0.55,0.0,1.28,9.27272727273,1.58,77.09,8.19,100.0,16,1024,17,42.40909090909,40.0,1.03,0.03,0.03,97.32,2.68,0.0,0.18,0.0,0.47,18.04,0.0,13.63,0.0,0.0,0.0,0.0,1.96,0.0,1.0,1.13,0,0,1.76,action,0.15421,100.0,action,False
5,83,gemm_fusion_dot_118_0,gemm_fusion_dot_118_0,action,"(32, 1, 1)","(128, 1, 1)",0,12288,0.009152,8.94,5.17,34.34,249.58041958042003,11.84,27.28,8.31,58.33,48,13312,17,320.38111888112,0.0,0.96,0.22,0.22,77.64,22.36,0.42,0.04,0.01,0.01,0.49,0.0,0.84,0.0,0.0,0.03,0.0,0.07,0.0,1.0,0.6,0,0,0.85,,,,,False
5,84,input_reduce_fusion_9,input_reduce_fusion_9,action,"(2, 1, 1)","(256, 1, 1)",32,0,0.003072,0.12,0.0,0.42,3.0416666666700003,0.9,86.36,16.46,100.0,17,1056,17,24.35416666667,16.98,2.02,0.07,0.06,93.74,6.26,6.3,0.29,0.01,0.18,9.1,0.0,8.93,0.09,0.0,0.0,0.01,1.53,0.16,1.0,2.6,0,0,1.86,action,0.177088,100.0,action,False
5,85,loop_add_fusion_5,loop_add_fusion_5,action,"(1, 1, 1)","(50, 1, 1)",0,0,0.0027199999999999998,0.0,0.0,0.18,1.27058823529,0.82,92.92,4.16,66.67,16,1024,17,22.094117647060003,6.25,1.04,0.02,0.02,98.5,1.5,0.0,0.33,0.0,0.9,36.38,0.0,23.85,0.0,0.0,0.0,0.0,4.12,0.0,1.0,0.21,0,0,1.75,action,0.140928,100.0,action,False
5,86,loop_pad_fusion,loop_pad_fusion,action,"(383, 1, 1)","(128, 1, 1)",0,0,0.002944,4.69,0.0,0.43,3.08695652174,1.78,93.55,33.16,100.0,16,1024,17,48.21739130435,73.8,3.9,0.17,0.11,88.74,11.26,0.0,0.39,0.0,0.53,15.28,0.0,12.01,0.35,0.0,0.0,0.02,1.23,0.49,1.0,0.66,0,0,2.66,action,0.168929,100.0,action,False
5,87,loop_dynamic_slice_fusion_21,loop_dynamic_slice_fusion_21,action,"(6144, 1, 1)","(128, 1, 1)",0,0,0.038304,5.43,0.0,86.8,631.75271512114,39.6,50.24,83.21,100.0,16,1024,17,660.5446950710101,3.02,10.07,0.04,0.03,97.17,2.83,0.0,0.35,0.18,30.73,3.06,13.18,273.45,0.33,0.0,14.59,0.0,0.59,0.47,1.0,14.98,0,0,2.23,action,62.133355,1800.0,action,False
5,88,wrapped_convert_1,wrapped_convert_1,action,"(40, 1, 1)","(128, 1, 1)",0,0,0.0027519999999999997,0.3,0.0,1.25,9.023255813950001,1.32,74.91,8.15,100.0,16,1024,17,35.59302325581,14.08,1.02,0.01,0.01,98.7,1.3,0.0,0.4,0.0,1.06,39.0,0.0,27.29,0.0,0.0,0.0,0.0,4.47,0.0,1.0,1.3,0,0,1.7,action,3.049205,1800.0,action,False
5,89,gemm_fusion_dot_116_0,gemm_fusion_dot_116_0,action,"(48, 1, 1)","(256, 1, 1)",0,18432,0.024735999999999998,10.96,5.92,80.79,587.5912031047901,20.12,5.32,16.64,66.67,58,19456,17,541.8745148771,0.0,2.01,0.16,0.12,87.55,12.45,4.3,0.05,0.02,0.01,1.03,0.08,6.29,0.37,0.0,0.95,0.01,0.08,0.28,1.0,0.89,0,0,0.66,,,,,False
5,90,loop_slice_fusion_2,loop_slice_fusion_2,action,"(120, 1, 1)","(128, 1, 1)",0,0,0.003072,1.79,0.0,1.84,13.25,2.12,76.26,11.51,100.0,16,1024,17,56.73958333333,24.3,1.3,0.04,0.04,96.46,3.54,0.0,0.14,0.04,0.36,15.0,0.0,16.85,0.07,0.0,0.0,0.01,0.96,0.06,1.0,0.38,0,0,1.94,action,3.464824,1800.0,action,False
5,91,fusion_501,fusion_501,action,"(200, 1, 1)","(64, 1, 1)",0,8,0.0035199999999999997,4.6,0.0,5.12,37.09090909091,8.57,83.95,9.27,66.67,17,1032,17,230.81818181818,16.25,1.14,0.09,0.09,91.41,8.59,0.33,0.04,0.02,0.13,3.69,0.0,6.16,0.01,0.0,0.0,0.0,0.23,0.05,1.0,0.72,0,0,1.11,action,3.8445329999999998,1800.0,action,False
5,92,loop_transpose_fusion_4,loop_transpose_fusion_4,action,"(4096, 1, 1)","(128, 1, 1)",0,0,0.012992,8.68,0.0,79.16,575.00492610837,24.34,50.71,69.74,100.0,16,1024,17,656.26108374384,5.85,8.49,0.13,0.09,91.24,8.76,0.0,0.31,0.1,0.99,3.64,0.0,84.99,0.2,0.0,0.35,0.01,0.61,0.43,1.0,1.26,0,0,2.12,action,16.917384,1800.0,action,False
5,93,gemm_fusion_dot_100_0,gemm_fusion_dot_100_0,action,"(64, 1, 1)","(128, 1, 1)",0,36864,0.01136,18.36,18.36,62.01,451.65070422535,39.64,63.8,8.32,16.67,96,37888,17,1069.58028169014,0.0,0.99,0.15,0.15,84.65,15.35,0.94,0.02,0.05,0.02,0.57,0.01,1.76,0.7,0.0,0.02,0.01,0.13,0.0,1.0,0.35,0,0,0.97,action,15.553151,1800.0,action,False
5,94,loop_cosine_sine_fusion_1,loop_cosine_sine_fusion_1,action,"(50, 1, 1)","(128, 1, 1)",0,0,0.0028799999999999997,1.98,0.0,0.42,2.9777777777800005,2.01,94.19,8.31,100.0,25,1024,17,53.94444444444001,8.33,0.98,0.07,0.07,92.71,7.29,0.0,0.31,0.05,0.2,6.17,0.0,1.9,0.0,0.0,0.0,0.01,1.9,0.0,1.0,0.47,0,0,1.39,action,2.780789,1800.0,action,False
5,95,input_transpose_fusion_10,input_transpose_fusion_10,action,"(60, 1, 1)","(128, 1, 1)",4224,0,0.0033599999999999997,4.5,0.0,6.92,50.28571428571,5.02,70.48,8.3,100.0,30,5248,17,134.68571428571002,35.0,1.0,0.04,0.04,95.65,4.35,0.6,0.09,0.05,0.35,6.85,0.01,10.53,0.0,0.0,0.19,0.01,0.58,0.0,1.0,0.15,0,0,1.61,action,2.9975870000000002,1800.0,action,False
5,96,input_transpose_fusion_11,input_transpose_fusion_11,action,"(60, 1, 1)","(128, 1, 1)",8448,0,0.004128,6.31,0.0,16.0,116.18604651163001,7.97,50.06,8.27,83.33,44,9472,17,214.41085271318002,19.44,1.02,0.05,0.05,94.6,5.4,0.57,0.06,0.07,0.46,4.51,0.34,9.56,0.01,0.0,0.23,0.01,0.42,0.0,1.0,0.06,0,0,1.5,action,3.810912,1800.0,action,False
5,97,input_transpose_fusion_12,input_transpose_fusion_12,action,"(60, 1, 1)","(128, 1, 1)",4224,0,0.0038399999999999997,4.94,0.0,12.82,92.43333333333001,5.48,39.83,8.2,100.0,33,5248,17,146.60833333333,29.17,0.98,0.05,0.05,95.29,4.71,0.46,0.08,0.07,0.29,5.57,0.25,11.48,0.0,0.0,0.17,0.01,0.48,0.0,1.0,0.01,0,0,1.59,action,3.0934530000000002,1800.0,action,False
5,98,wrapped_concatenate_1,wrapped_concatenate_1,action,"(400, 1, 1)","(128, 1, 1)",0,0,0.003104,4.68,0.0,9.7,70.43298969072,6.2,59.41,32.46,100.0,16,1024,17,166.40206185567,21.64,4.1,0.18,0.11,89.26,10.74,0.0,0.18,0.22,0.52,15.1,0.0,14.87,0.7,0.0,0.0,0.0,1.14,0.7,1.0,0.81,0,0,2.3,action,2.699503,1800.0,action,False
5,99,gemm_fusion_dot_99_0,gemm_fusion_dot_99_0,action,"(16, 2, 1)","(128, 1, 1)",0,32768,0.007871999999999999,6.11,5.84,21.46,155.67479674797002,18.89,70.69,8.31,16.67,186,33792,17,509.29674796748003,0.0,1.01,0.09,0.09,91.3,8.7,0.92,0.01,0.09,0.04,1.59,0.61,3.74,0.48,0.0,0.5,0.01,0.19,0.0,1.0,0.56,0,0,1.83,action,11.665066,1800.0,action,False
5,100,input_concatenate_fusion_1,input_concatenate_fusion_1,action,"(2420, 1, 1)","(128, 1, 1)",0,0,0.008383999999999999,15.57,0.0,64.5,468.27480916031004,23.18,50.9,72.65,100.0,36,1024,17,621.58778625954,9.6,8.62,0.42,0.2,80.12,19.88,0.0,0.18,0.29,0.04,2.89,0.01,34.7,1.03,0.0,0.23,0.01,0.43,1.12,1.0,0.66,0,0,1.68,action,12.038592,1800.0,action,False
5,101,gemm_fusion_dot_105_0,gemm_fusion_dot_105_0,action,"(24, 5, 1)","(128, 1, 1)",0,32768,0.009087999999999999,18.86,18.59,53.58,390.21126760563004,44.94,75.07,11.85,25.0,108,33792,17,1206.80281690141,0.0,1.43,0.15,0.14,86.47,13.53,1.96,0.01,0.11,0.11,0.95,0.09,2.2,0.96,0.0,0.6,0.0,0.09,0.11,1.0,0.94,0,0,1.48,action,15.054855,1800.0,action,False
5,102,input_reduce_fusion_8,input_reduce_fusion_8,mixed,"(10, 1, 1)","(1024, 1, 1)",8320,0,0.010432,3.49,0.0,22.21,160.94478527607,6.53,9.13,66.01,66.67,64,9344,17,175.89263803681,13.26,7.97,0.57,0.27,72.76,27.24,1.33,0.06,0.37,0.08,2.38,0.07,19.21,0.84,0.0,0.65,0.0,0.24,1.08,1.0,0.56,0,0,1.3,action,15.573281,1800.0,action,False
5,103,loop_exponential_fusion,loop_exponential_fusion,action,"(765, 1, 1)","(128, 1, 1)",0,0,0.006208,8.98,0.0,53.38,385.31958762887,20.64,52.78,50.17,100.0,20,1024,17,554.0051546391801,58.59,5.92,0.28,0.13,87.12,12.88,0.0,0.09,0.2,0.42,4.97,0.0,34.64,1.07,0.0,0.03,0.0,0.54,1.19,1.0,0.41,0,0,1.45,action,5.26457,1800.0,action,False
5,104,input_reduce_fusion_7,input_reduce_fusion_7,vlm_embed,"(10, 1, 1)","(1024, 1, 1)",8320,0,0.007552,2.84,0.0,29.66,214.61016949153,8.41,5.81,65.44,66.67,64,9344,17,227.08474576271,0.65,8.01,0.44,0.15,84.87,15.13,3.63,0.16,0.12,0.23,4.33,17.27,17.67,0.48,0.0,2.02,0.01,0.5,1.92,1.0,1.8,0,0,1.61,,12.306445,1800.0,action,True
5,105,loop_transpose_fusion_3,loop_transpose_fusion_3,action,"(765, 1, 1)","(128, 1, 1)",0,0,0.005632,12.01,0.0,42.61,306.13636363636,18.14,42.4,52.66,100.0,25,1024,17,485.69318181818005,64.36,6.53,0.47,0.18,82.41,17.59,0.0,0.07,1.32,0.24,3.56,0.16,25.22,1.58,0.0,0.03,0.0,0.32,1.69,1.0,0.31,0,0,1.18,action,5.52016,1800.0,action,False
5,106,input_concatenate_fusion_2,input_concatenate_fusion_2,action,"(2420, 1, 1)","(128, 1, 1)",0,0,0.008608,16.79,0.0,61.84,448.41635687732,22.23,51.25,73.72,100.0,20,1024,17,597.5985130111501,5.78,8.96,0.41,0.21,79.34,20.66,0.0,0.13,0.3,0.36,2.74,0.03,33.9,0.85,0.0,0.0,0.01,0.36,1.01,1.0,0.51,0,0,2.3,action,14.803134,1800.0,action,False
5,107,gemm_fusion_dot_106_0,gemm_fusion_dot_106_0,action,"(16, 5, 4)","(128, 1, 1)",0,12288,0.010432,22.66,22.66,50.61,367.19018404908,38.64,69.19,30.17,41.67,94,13312,17,1038.2638036809801,12.64,3.7,0.36,0.22,77.94,22.06,2.77,0.03,0.29,0.06,1.27,0.0,4.8,1.35,0.0,2.29,0.0,0.1,0.62,1.0,0.76,0,0,1.26,,,,,False
5,108,loop_reduce_fusion,loop_reduce_fusion,action,"(800, 1, 1)","(128, 1, 1)",0,0,0.0042239999999999995,7.37,0.0,27.76,200.24242424242001,10.11,28.09,56.17,100.0,16,1024,17,271.04545454545,8.61,6.71,0.11,0.07,93.1,6.9,0.0,0.29,0.14,0.79,17.53,3.02,65.99,0.14,0.0,0.57,0.04,1.59,0.6,1.0,1.63,0,0,1.96,action,3.760186,1800.0,action,False
5,109,loop_transpose_fusion_2,loop_transpose_fusion_2,action,"(800, 1, 1)","(128, 1, 1)",0,0,0.004288,5.21,0.0,7.4,53.40298507463,31.54,94.2,56.44,100.0,16,1024,17,842.2462686567201,2.83,7.34,0.31,0.09,91.32,8.68,0.0,0.22,0.04,8.02,11.84,0.25,54.67,2.7,0.0,0.27,0.01,0.96,2.53,1.0,1.68,0,0,1.74,action,5.615037,1800.0,action,False
5,110,void cutlass::Kernel2<cutlass_80_tensorop_bf16_s16816gemm_relu_bf16_64x64_32x6_nn_align8>(T1::Params),cutlass_80_tensorop_bf16_s16816gemm_relu_bf16_64x64_32x6_nn_align8,unknown_library_kernel,"(8, 2, 4)","(128, 1, 1)",0,49152,0.01136,16.45,16.45,60.85,441.87042253521,26.96,47.39,8.33,16.67,94,50176,17,725.25915492958,0.0,1.01,0.12,0.12,87.72,12.28,1.16,0.04,0.02,0.0,0.73,0.01,2.64,0.96,0.0,0.01,0.0,0.28,0.0,1.0,0.46,0,0,0.86,action,12.87672,1800.0,action,False
5,111,"void cublasLt::splitKreduce_kernel<(int)32, (int)16, int, __nv_bfloat16, __nv_bfloat16, float, (bool)0, __nv_bfloat16, __nv_bfloat16, __nv_bfloat16, (bool)1, (bool)0, (bool)0>(cublasLt::cublasSplitKParams<T6>, const T4 *, const T9 *, T8 *, T5 *, const T6 *, const T6 *, const T10 *, const T4 *, T10 *, void *, long, T6 *, int *, T6 *, const T6 *, const T6 *, const T6 *, const T6 *)","void cublasLt::splitKreduce_kernel<(int)32, (int)16, int, __nv_bfloat16, __nv_bfloat16, float, (bool)0, __nv_bfloat16, __nv_bfloat16, __nv_bfloat16, (bool)1, (bool)0, (bool)0>(cublasLt::cublasSplitKParams<T6>, const T4 *, const T9 *, T8 *, T5 *, const T6 *, const T6 *, const T10 *, const T4 *, T10 *, void *, long, T6 *, int *, T6 *, const T6 *, const T6 *, const T6 *, const T6 *)",unknown_library_kernel,"(32, 4, 1)","(32, 16, 1)",0,0,0.003264,10.95,0.0,18.45,133.33333333333002,7.75,38.54,40.02,100.0,38,1024,17,209.0,0.0,4.62,0.35,0.2,80.3,19.7,0.0,0.31,0.15,0.02,5.87,0.32,9.52,0.4,0.0,0.12,0.02,2.42,0.8,1.0,0.0,0,0,2.81,action,3.603317,1800.0,action,False
5,112,loop_slice_fusion_1,loop_slice_fusion_1,action,"(120, 1, 1)","(128, 1, 1)",0,0,0.003104,1.56,0.0,1.81,13.113402061860002,1.94,74.51,11.52,100.0,16,1024,17,52.09278350515,21.83,1.44,0.04,0.03,96.59,3.41,0.0,0.15,0.04,0.36,16.26,0.0,19.32,0.03,0.0,0.0,0.02,1.04,0.05,1.0,0.42,0,0,2.17,action,3.205588,1800.0,action,False
5,113,fusion_500,fusion_500,action,"(25, 1, 1)","(128, 1, 1)",0,32,0.003968,1.67,0.0,8.54,61.516129032260004,5.48,57.99,8.27,100.0,39,1056,17,146.67741935484,0.0,1.0,0.1,0.1,90.42,9.58,0.26,0.02,0.07,0.11,2.6,0.0,4.52,0.0,0.0,0.0,0.0,0.57,0.0,1.0,0.73,0,0,0.69,action,4.23379,1800.0,action,False
5,114,loop_slice_fusion_3,loop_slice_fusion_3,action,"(8192, 1, 1)","(128, 1, 1)",0,0,0.050207999999999996,5.35,0.0,89.04,648.5506692160601,40.37,50.04,85.94,100.0,16,1024,17,672.8616953473501,3.02,10.32,0.05,0.03,96.73,3.27,0.0,0.29,0.32,30.84,1.73,13.55,233.17,0.15,0.0,14.85,0.0,0.41,0.4,1.0,15.06,0,0,1.94,action,89.021154,1800.0,action,False
5,115,gemm_fusion_dot_117_0,gemm_fusion_dot_117_0,action,"(64, 1, 1)","(128, 1, 1)",0,36864,0.032063999999999995,23.32,23.32,80.79,588.88223552894,28.2,30.77,8.33,16.67,166,37888,17,763.2065868263501,0.0,1.02,0.09,0.09,90.57,9.43,1.78,0.02,0.02,0.05,0.32,0.02,4.37,1.61,0.0,0.08,0.0,0.07,0.0,1.0,0.04,0,0,1.05,action,57.384289,1800.0,action,False
5,116,loop_convert_fusion_19,loop_convert_fusion_19,action,"(400, 1, 1)","(128, 1, 1)",0,0,0.0041919999999999995,12.17,0.0,27.83,201.25190839695003,12.1,39.37,29.12,100.0,35,1024,17,324.91603053435,0.0,3.96,0.31,0.23,76.65,23.35,0.0,0.05,0.05,0.16,4.23,0.03,9.58,0.06,0.0,0.0,0.01,0.32,0.29,1.0,0.22,0,0,0.44,action,4.0754529999999995,1800.0,action,False
5,117,gemm_fusion_dot_103_0,gemm_fusion_dot_103_0,action,"(32, 1, 1)","(128, 1, 1)",0,36864,0.022335999999999998,16.92,16.92,66.42,483.27793696275,39.31,62.65,8.33,16.67,96,37888,17,1061.3710601719201,0.0,1.02,0.23,0.23,77.32,22.68,0.61,0.03,0.04,0.0,0.18,0.0,0.26,0.82,0.0,0.01,0.02,0.06,0.0,1.0,0.39,0,0,1.02,action,43.361931,1800.0,action,False
5,118,loop_convert_fusion_20,loop_convert_fusion_20,action,"(400, 1, 1)","(128, 1, 1)",0,0,0.003904,6.01,0.0,12.33,88.75409836066001,7.73,58.22,34.68,100.0,18,1024,17,207.18852459016003,19.48,4.08,0.15,0.09,91.14,8.86,0.0,0.14,0.44,0.37,13.88,0.67,27.67,0.49,0.0,0.08,0.01,0.97,0.66,1.0,0.64,0,0,1.34,action,5.480736,1800.0,action,False
5,119,loop_add_fusion_2,loop_add_fusion_2,vlm_embed,"(1, 1, 1)","(1, 1, 1)",0,0,0.002624,0.0,0.0,0.17,1.2195121951199999,0.84,93.57,2.08,33.33,16,1024,17,22.768292682930003,50.0,0.97,0.01,0.01,98.9,1.1,0.0,0.47,0.0,1.24,48.82,0.0,30.12,0.0,0.0,0.0,0.0,5.82,0.0,1.0,0.0,0,0,1.18,"action,vlm_embed,vlm_prefill",4.840761,2790.0,"action,vlm_embed,vlm_prefill",False
5,120,loop_dynamic_slice_fusion_21,loop_dynamic_slice_fusion_21,action,"(6144, 1, 1)","(128, 1, 1)",0,0,0.038176,5.43,0.0,86.98,633.84744341995,39.45,50.06,83.18,100.0,16,1024,17,665.08382229673,3.02,10.14,0.04,0.03,97.16,2.84,0.0,0.35,0.18,30.93,2.92,12.62,278.6,0.33,0.0,14.6,0.0,0.59,0.48,1.0,14.33,0,0,2.22,action,62.133355,1800.0,action,False
5,121,loop_slice_fusion_1,loop_slice_fusion_1,action,"(120, 1, 1)","(128, 1, 1)",0,0,0.003104,1.63,0.0,1.83,13.072164948450002,1.96,74.56,11.51,100.0,16,1024,17,52.14432989691001,22.21,1.38,0.04,0.03,96.64,3.36,0.0,0.15,0.04,0.36,16.48,0.0,19.42,0.03,0.0,0.0,0.02,1.04,0.05,1.0,0.42,0,0,2.17,action,3.205588,1800.0,action,False
5,122,gemm_fusion_dot_120_0,gemm_fusion_dot_120_0,action,"(48, 1, 1)","(128, 1, 1)",0,61440,0.014431999999999999,7.19,5.02,69.09,501.56097560976,21.49,10.14,8.32,8.33,124,62464,17,486.89356984479,0.0,1.01,0.09,0.09,90.79,9.21,1.2,0.02,0.04,0.01,0.78,0.08,6.1,0.25,0.0,0.13,0.01,0.21,0.0,1.0,0.21,0,0,0.81,,,,,False
5,123,fusion_533,fusion_533,action,"(200, 1, 1)","(64, 1, 1)",0,8,0.003872,4.85,0.0,4.87,35.14049586777,9.63,86.62,9.23,66.67,24,1032,17,259.0,15.4,1.16,0.09,0.09,91.06,8.94,0.24,0.03,0.04,0.11,3.06,0.0,6.25,0.02,0.0,0.02,0.0,0.26,0.05,1.0,0.7,0,0,1.05,action,0.285185,100.0,action,False
5,124,gemm_fusion_dot_122_0,gemm_fusion_dot_122_0,action,"(8, 1, 1)","(128, 1, 1)",0,32768,0.0054719999999999994,1.81,1.1,4.65,33.77777777778,4.23,78.08,8.31,25.0,94,33792,17,114.23391812865,0.0,0.99,0.18,0.18,82.08,17.92,0.39,0.01,0.03,0.02,1.19,0.03,0.83,0.0,0.0,0.04,0.0,0.38,0.0,1.0,0.31,0,0,1.35,action,0.467717,100.0,action,False
5,125,input_slice_fusion,input_slice_fusion,action,"(13, 1, 1)","(128, 1, 1)",0,0,0.002784,0.25,0.0,0.66,4.7816091954,1.14,83.69,8.15,100.0,17,1024,17,30.804597701150005,53.69,1.0,0.03,0.03,97.32,2.68,0.0,0.18,0.06,0.46,17.96,0.0,12.68,0.0,0.0,0.0,0.0,2.15,0.0,1.0,0.84,0,0,2.25,action,0.166018,100.0,action,False
5,126,loop_compare_fusion_3,loop_compare_fusion_3,action,"(1, 1, 1)","(1, 1, 1)",0,0,0.002688,0.0,0.0,0.18,1.2857142857100001,0.84,93.04,2.08,33.33,16,1024,17,22.25,0.0,0.93,0.02,0.02,98.33,1.67,0.0,0.29,0.0,0.75,29.71,0.0,19.39,0.0,0.0,0.0,0.0,3.54,0.0,1.0,0.0,0,0,0.75,action,0.15965000000000001,110.0,action,False
5,127,input_concatenate_fusion,input_concatenate_fusion,vlm_prefill,"(1, 1, 1)","(2, 1, 1)",0,0,0.0024,0.01,0.0,0.23,1.65333333333,1.04,93.2,2.08,33.33,16,1024,17,27.653333333330004,0.0,0.98,0.05,0.05,95.11,4.89,0.0,0.09,0.05,0.25,9.56,0.0,6.36,0.0,0.0,0.0,0.0,1.12,0.0,1.0,0.0,0,0,1.99,vlm_prefill,0.015552,10.0,vlm_prefill,False
