repeat,batch_size,count,mean_ms,p50_ms,p95_ms,p99_ms,min_ms,max_ms,timed_service_requests_per_s,observed_block_requests_per_s,start_epoch,wall_seconds
1,1,200,135.238188675,134.868391,138.0826763,138.65191377999997,133.456587,141.129484,7.394361088369553,7.38525581614713,1789638421.903155,27.08098473213613
1,2,200,205.748442745,205.0511145,208.51737394999998,214.88689462999997,203.451029,222.366415,9.720608201534507,9.709405914919687,1789638453.7658865,41.19716525450349
1,3,200,257.75009541,256.997001,260.3905252,262.49324127,255.713832,263.404952,11.639180948615891,11.62569730807016,1789638501.6563325,51.609807489439845
1,4,200,307.90514012,306.9708195,310.48784945,312.29720519999995,305.556386,322.026528,12.991014045563118,12.97562436183594,1789638561.4956217,61.65406593866646
1,5,200,365.64996891000004,365.4921975,368.39667254999995,371.19737785,362.799161,383.618477,13.674279844477942,13.658395357666093,1789638632.9604886,73.21504274941981
2,1,200,135.59100727,135.044862,138.2899038,138.87565836,134.433854,139.45572,7.375120372169796,7.365763507453451,1789638976.7772894,27.152650203555822
2,2,200,205.31933536000005,204.63383349999998,208.29607785,209.11580788,203.504383,213.606207,9.740923798010874,9.729203183729718,1789638715.600625,41.113336050882936
2,3,200,257.69455402,257.1117755,260.59113549999995,261.81944554999995,255.163434,263.325103,11.641689563090907,11.627813549823278,1789638763.403782,51.60041459463537
2,4,200,308.5132875,307.793053,311.20982545,312.14266707999997,306.568023,313.332078,12.965405906544625,12.949933628098297,1789638823.2650712,61.77637839503586
2,5,200,365.69436083500005,365.3123135,368.3386129,368.85131899000004,363.070066,371.223335,13.672619912933198,13.65675897247618,1789638894.8774965,73.22381554916501
3,1,200,135.59068349999998,135.11587400000002,138.37886550000002,139.10125386,134.423299,140.430086,7.375137982839361,7.365932389413867,1789639222.5230062,27.152027662843466
3,2,200,205.04240278,204.3282965,207.9541214,208.61422266999998,203.410404,209.504154,9.75407999947161,9.742403380265586,1789639254.4424012,41.05763068795204
3,3,200,257.66412397,257.00462,260.368516,260.71228311,255.05097,261.04693,11.643064442876385,11.629232414021331,1789639009.2217371,51.59411890991032
3,4,200,308.34759366500003,307.70818599999996,310.85073574999996,311.73628526,306.334235,313.427235,12.97237300429769,12.956907270682054,1789639069.060811,61.74312922731042
3,5,200,365.65612296000006,365.26074500000004,368.02413590000003,369.95463163,363.290091,374.503892,13.674049704199705,13.658111485824548,1789639140.6365938,73.21656445972621
4,1,200,135.65876550500002,135.1739185,138.53490294999997,138.99222397999998,134.505682,140.848434,7.37143667994784,7.362169389241956,1789639456.1560314,27.16590578481555
4,2,200,205.14717137,204.5950995,208.04983995,208.41232402999998,203.498953,208.559961,9.749098594164058,9.737405802470512,1789639488.0967307,41.078702902421355
4,3,200,258.19582284,257.0986755,261.0632614,270.41913788,255.751043,275.485421,11.619088051083825,11.605116632708166,1789639535.8642044,51.70133304037154
4,4,200,308.18160530999995,307.50232400000004,310.82347025,311.62486712000003,306.092055,312.216507,12.979359997740291,12.963873910794423,1789639302.689761,61.70994916372001
4,5,200,365.826027275,365.253963,368.62373635,374.4459237,363.346597,377.354601,13.667698925755719,13.6517555937984,1789639374.2242045,73.25065213255584
5,1,200,135.44525751499998,134.929927,138.44553675,138.72055862000002,134.243707,138.907785,7.383056582023585,7.373817818697232,1789639678.2011473,27.12299176864326
5,2,200,205.079565315,204.4410905,207.90833535000002,208.26725614,203.212606,208.657549,9.752312459449685,9.740709152519011,1789639710.0822299,41.06477195210755
5,3,200,257.715201255,257.086078,260.60215654999996,260.9845323,255.526914,261.856967,11.640756871891336,11.626895789403951,1789639757.823136,51.604487635195255
5,4,200,308.51184045499997,308.01448949999997,310.8625813,311.42228867,306.413023,312.51313,12.965466719529186,12.950027801981145,1789639817.6713183,61.7759291511029
5,5,200,365.30922563,364.862068,367.6642591,368.40908985,362.905365,370.934994,13.68703457017043,13.671170843347909,1789639596.3787115,73.14662448875606
