batch_size,index,stage,activity_ms,interval_count,tensor_active_pct,tensor_active_pct_alignment_delta_pp,sm_active_pct,sm_active_pct_alignment_delta_pp,sm_issue_pct,sm_issue_pct_alignment_delta_pp,compute_warps_pct,compute_warps_pct_alignment_delta_pp,dram_read_pct,dram_read_pct_alignment_delta_pp,dram_write_pct,dram_write_pct_alignment_delta_pp
1,0,vlm_embed,20.523624,1494,20.113021121415983,0.07361657960601775,72.57487347263816,0.019943505104166093,7.855644841281443,0.07260418530372537,32.861105621502325,0.07521298382781083,32.832561491089486,0.03749883548831434,24.283849090199663,0.0942270234535556
1,0,vlm_prefill,55.45277,251,53.27567410969731,0.07844554924849234,89.08125613923345,0.10209809176349438,11.835344239791809,0.014267366625688283,30.86238063490787,0.03307526386869242,37.93095724523771,0.022069195100627326,17.76308362954637,0.07171924865069812
1,0,vlm_total,75.976394,1745,44.31739397897721,0.037368764829771806,84.62236076905677,0.0715397995856506,10.76030171950514,0.030025984123437155,31.402299390518586,0.012541842930843927,36.55371950134933,0.02320766895044102,19.52454836169245,0.03332279760473966
1,0,action,41.268074,4115,2.3747905463191716,0.02271300570024204,66.36581164412955,0.8973490984822803,5.463423686794785,0.025152397468318988,33.624130411319896,0.6716032349849925,41.74734267947663,0.340203397909967,18.906566683969793,0.3984940998215727
1,1,vlm_embed,20.511272,1494,20.057252617000056,0.16333097235510508,72.56613475751284,0.04451664431148572,7.891705351086953,0.12065677838019973,32.911385212969726,0.0963466332073395,32.91859324960441,0.07389843984322653,24.337402087983623,0.13820405677424574
1,1,vlm_prefill,55.475207,248,53.354593863885896,0.054793197977616614,89.08887954217097,0.09537965311243113,11.860094888875313,0.01922109096411262,30.840813068079225,0.04600864310429387,37.92233166430546,0.016849166511448743,17.74961187616659,0.06444832193235683
1,1,vlm_total,75.986479,1742,44.36653661765273,0.026163825803799057,84.62884248130513,0.08165003934449544,10.788894876942514,0.03847616100227569,31.399729193926724,0.011516641006618755,36.57165663643923,0.02746033277841775,19.527875044716836,0.031460833972843716
1,1,action,41.284582,4115,2.3400137852915646,0.01961463482905046,66.34979627503556,0.9286501677551229,5.475995736132195,0.023604502039042075,33.62349244567863,0.6800247850396062,41.72848309327681,0.3503006037459713,18.86500020758355,0.40158778887478874
1,2,vlm_embed,20.489056,1494,20.12927008447827,0.129392881741353,72.60136923828995,0.03336512916945367,7.881811441190848,0.08012199293125111,32.93649873376304,0.0918062794108252,32.93371026952145,0.04879097406927713,24.33726131648037,0.13788951526122162
1,2,vlm_prefill,55.4354,247,53.29919850853426,0.08765159086070895,89.08432898472817,0.10422800232342411,11.864905132821265,0.016163696843532804,30.85059880509566,0.033008582963233835,37.93567395563124,0.022407270444517735,17.77435746833251,0.05834986308387613
1,2,vlm_total,75.924456,1741,44.34792566706042,0.04178358551558148,84.63621959965047,0.06709697070466802,10.790023151433578,0.030776447051525935,31.41350202100888,0.011672154753401998,36.58583861305506,0.029527205305235782,19.545429815130976,0.03339282404605015
1,2,action,41.295502,4115,2.35586788604725,0.02324090890092556,66.35322074544584,0.8866829370423943,5.473061158089324,0.025248827342019275,33.63270186181536,0.6476526184377178,41.69767460388301,0.34262980990035885,18.90477284911078,0.379584900069748
1,3,vlm_embed,20.526055,1494,20.07314888321209,0.021053777747358282,72.22922154305833,0.39800487721582556,7.844329268337242,0.12045427141260223,32.710337714675326,0.17560471313167625,32.67767629970786,0.13655629393958435,24.19589740941452,0.06301980580291655
1,3,vlm_prefill,55.379145,245,53.25564255280575,0.0893636765247976,89.06584173518749,0.08726783340551947,11.846538511925383,0.013109971271676457,30.89983501912137,0.03219861917333944,38.0076071416415,0.02932390884691216,17.798228719493594,0.07550315195368285
1,3,vlm_total,75.9052,1739,44.282532804076666,0.062104559371427115,84.51293373840001,0.15742559139559376,10.76427317232548,0.04166456316563405,31.389425691520476,0.07097806210905233,36.56630333626682,0.015532914741022807,19.528266969851867,0.07212744317912367
1,3,action,41.372527,4115,2.417094271278136,0.019433427404615955,66.27902566841034,0.9273704504440872,5.489629168650975,0.02540064811607934,33.560268701981876,0.6711979183674188,41.65778691739086,0.3402033431508755,18.84997073057684,0.39580980876512584
1,4,vlm_embed,20.430307,1494,20.004859496237625,0.0935420598427612,72.6477056854799,0.047783569772093415,7.823952914657621,0.0937199817897989,33.00914450282122,0.07436780073837923,33.035250914242255,0.054679501389770735,24.426574206643103,0.08537233434622493
1,4,vlm_prefill,55.142664,246,53.15477531154461,0.08907248296890913,89.10084599829997,0.1162664538659186,11.821499846289617,0.014099590835872533,30.966134842524113,0.034423926272403094,38.19954668856768,0.011933808638623589,17.89170359995665,0.07778686571979776
1,4,vlm_total,75.572971,1740,44.19306653962301,0.0429378911145335,84.65292363588564,0.08943074369803128,10.740807768428212,0.035114048910424245,31.518439641601493,0.02267810802356962,36.80343711774941,0.01947119427128996,19.658332739095304,0.0464874273634166
1,4,action,41.287315,4115,2.3615881778701278,0.027347527927160886,66.36303123610726,0.8757577236495138,5.4473812113962845,0.02629420198431376,33.59800827445427,0.6675842689213383,41.7431242259275,0.32123222350497116,18.90088297095609,0.3854042095011536
1,5,vlm_embed,20.496201,1494,20.051016429825214,0.10431728299307608,72.58331648874832,0.08505337159799353,7.878874528991982,0.13885680570755454,32.88663357663208,0.059560354623762635,32.90877197193763,0.07883568276872666,24.33588000039617,0.08894057976890224
1,5,vlm_prefill,55.274344,245,53.21650433336667,0.09907515139392586,89.0581556065143,0.09753137911505405,11.831887991289413,0.014426421777162801,30.91649257746053,0.02328190453060941,38.02257052566739,0.03387555354795069,17.803343337733686,0.06841774549146962
1,5,vlm_total,75.770545,1739,44.245122296533566,0.04405677694413157,84.60165322817726,0.09415603385194515,10.762583837822469,0.04651434142383337,31.449422701130104,0.022295814290369975,36.63926989043038,0.02243689813766281,19.57041766031906,0.038069041208558474
1,5,action,41.282637,4116,2.352208944404399,0.02387134329621432,66.36434205983498,0.8787877576715886,5.461520759926262,0.026147263800033294,33.61530480720018,0.6493200034677997,41.75910005458227,0.32075060999616056,18.90748563373023,0.39117992874340857
1,6,vlm_embed,20.503721,1494,20.06218856567547,0.07595679828066437,72.57951954184315,0.027967801551724847,7.857922520502498,0.08623195760418323,32.90422738389778,0.09119403253682634,32.877793011327064,0.039002140148120645,24.31633784911529,0.09584372514627759
1,6,vlm_prefill,55.383912,247,53.27972942756373,0.08826035979545566,89.08266925962182,0.12069026471080235,11.847427805388683,0.017588952546365277,30.888450349986112,0.043137617292185126,38.033763071846565,0.022030061726233896,17.790214295443775,0.07952399606586269
1,6,vlm_total,75.887633,1741,44.30483901112056,0.04389130176190292,84.62376121284478,0.08806490248549892,10.769522222415343,0.03613528175269387,31.433083622465862,0.023120130785997617,36.640695882555725,0.022338514629915096,19.553476783232917,0.042172470974289666
1,6,action,41.320487,4115,2.404207627078548,0.02268976161873404,66.32326973784215,0.878381951306622,5.48451081905206,0.027616663859745927,33.597435915990054,0.6504079925292245,41.71986119137463,0.31725920848899847,18.893304258490467,0.3843142507008679
1,7,vlm_embed,20.502598,1494,20.073703927668095,0.09736536803774953,72.58692205739,0.07231229915349502,7.8697859656615226,0.129487199622214,32.89656369402551,0.0595458195102907,32.94784924330077,0.06780267554384523,24.304190376263534,0.08881991443230675
1,7,vlm_prefill,55.245958,247,53.233732900423234,0.09460283049123319,89.0992941601266,0.13439996822935996,11.83065457929067,0.017588110246906652,30.966050946206778,0.04229581827506834,38.10504535010507,0.02907184630593207,17.812245739317255,0.07679157269749837
1,7,vlm_total,75.748556,1741,44.25842327608199,0.042643466365220206,84.62994787649814,0.11759491494464669,10.758580057948564,0.04787544728905502,31.488576112262788,0.02834667897827714,36.70916503015582,0.015566778593111508,19.569397798157368,0.043700978273435
1,7,action,41.34843,4115,2.393166245973547,0.022548062888965603,66.33886974668688,0.8672245113055084,5.491845494496405,0.026263609041504488,33.60140713927953,0.6358442388259959,41.70212922231872,0.3213346673622226,18.89680488473202,0.3792481359026212
1,8,vlm_embed,20.508456,1494,20.0507023541899,0.09210971318367456,72.57673829760758,0.04789892520430783,7.8773679013183635,0.1126872252109079,32.89716773412879,0.06873891432880441,32.94729403325145,0.0639934083774989,24.308744110234336,0.0876690083349061
1,8,vlm_prefill,55.407996,253,53.284822338638634,0.0830572179509943,89.09570864104163,0.08931205524920927,11.85129252824809,0.014516839771646417,30.893897534211487,0.023432700940855256,37.94370390150909,0.02209836284279021,17.78320300557342,0.0668532209683228
1,8,vlm_total,75.916452,1747,44.30678833620939,0.03713790523298144,84.63319007584812,0.07629053844613054,10.777756341932312,0.03865882720652003,31.43507112265995,0.01406251177281348,36.59394835786056,0.026155727087989078,19.546045829433652,0.039427843651072436
1,8,action,41.406097,4115,2.406276978967614,0.0226648505412137,66.28244871763692,0.8811701812899599,5.49019049054539,0.02436612173323205,33.514717289098755,0.6570444202939498,41.61782910859722,0.3541527712694119,18.839154460754898,0.3883694229861838
1,9,vlm_embed,20.494919,1494,20.05325080816372,0.07680313349860057,72.58509696964404,0.03281701186523378,7.855290035544908,0.09832666330615858,32.92751657130238,0.08735155284097118,32.93627000916666,0.052074126274909815,24.331229169532214,0.08534203038323795
1,9,vlm_prefill,55.27866,247,53.237301844871055,0.08947031277531181,89.087807446852,0.1272401501773146,11.83452945494699,0.019143282416759888,30.932236743799507,0.05564628375579517,38.06474391745386,0.02417990957088989,17.83715008648907,0.0920629045638961
1,9,vlm_total,75.773579,1741,44.2618192681647,0.044497370250915935,84.62422371523456,0.0988378020259546,10.758241510540238,0.040560470292685835,31.47191164086363,0.03626162359309859,36.67761586132813,0.02045046598630762,19.59364128755222,0.04900833574193442
1,9,action,41.33521,4115,2.3942185850755324,0.020731961927857423,66.31106349768152,0.9182029315927025,5.469453983661871,0.02649329711884807,33.5749714347647,0.6584478220867851,41.68878846871711,0.33251837839943477,18.8765564515095,0.3965215853505981
5,0,vlm_embed,57.782933,1400,38.34046729680544,0.5530832261491483,84.55215907783705,0.10199162095146619,13.156908026804386,0.057826209687210195,30.43062840025791,0.23752638170859086,30.366196952999946,0.04222286535714659,21.085863398453657,0.11615154599369149
5,0,vlm_prefill,230.879629,190,64.91172122855413,0.05388272258527138,97.82991776636993,0.02599663740798519,12.283483671918063,0.007301033908019505,32.6731592547734,0.020042859649606726,32.25379800831194,0.005334173505623596,14.69008152728797,0.00616838742408099
5,0,vlm_total,288.662562,1590,59.59282924953739,0.1154206619977316,95.17204680667942,0.027544922850097464,12.45832110365597,0.01741489428060916,32.22426138170283,0.06357755184061631,31.8759480905598,0.01192973198928371,15.970355050752996,0.026263873456509046
5,0,action,57.98269,4709,6.271657972405213,0.026411589389867984,69.74199125635599,0.3381116329718452,7.02987890006483,0.02351838108925275,37.047139447997324,0.19806095577835237,37.67579153364564,0.1446260599499638,22.713342844217816,0.11537424358890291
5,1,vlm_embed,58.009169,1403,38.37314754500276,0.5910925564198308,84.4137388177376,0.14093897811223144,13.170197370005422,0.06102242216226195,30.359650902773662,0.23293414184229988,30.282263550439758,0.049166141304318955,20.99059364218784,0.11603770776305922
5,1,vlm_prefill,231.059208,190,64.9602043299655,0.05334662100979415,97.81427742970537,0.03842180139386642,12.274321497717589,0.008343528122887633,32.64102065562347,0.01104389659294469,32.27266949257439,0.0021230618950269786,14.688835785328235,0.008193505969257942
5,1,vlm_total,289.068377,1593,59.6248124539752,0.1228159004054632,95.12510707803919,0.04266305130981607,12.454102542665883,0.018914933057516237,32.18320384107598,0.05557200744929247,31.873242215629833,0.008169465039753021,15.953449162652614,0.029788021399518527
5,1,action,57.932064,4711,6.254856602381714,0.022498352553086853,69.80589141446781,0.3085087560491644,7.079966320550913,0.021536570835798408,37.11579388920098,0.19754958152363145,37.730468536387725,0.12123231100483167,22.71402456850148,0.11396125986465933
5,2,vlm_embed,57.839181,1401,38.28281434344653,0.5939282750217316,84.44229282914638,0.13682069599153124,13.157123248339218,0.06641141754756141,30.403598781939877,0.23836361030077668,30.312101929659065,0.056277802412175504,21.090080891705572,0.11547914207153198
5,2,vlm_prefill,230.960079,188,64.92629585998712,0.0532385555687398,97.84234423906652,0.029109138813552704,12.27809015860269,0.007634899536036244,32.68474501604236,0.01816678890207868,32.26935320281043,0.000923501589205955,14.69139306537906,0.004809619068410598
5,2,vlm_total,288.79926,1589,59.590280975789206,0.12212062800991674,95.15865315582872,0.03477299076182305,12.45413823428772,0.01940634820186027,32.22788917118417,0.06226663807933619,31.87736531942637,0.010532471585975145,15.972888258093182,0.02697392299412371
5,2,action,57.898338,4708,6.246665284243565,0.0248232859464812,69.7642793131644,0.39537442335564776,7.056671488566736,0.024625629150183848,37.08385672486834,0.20430710809004182,37.72470607014661,0.17302004420230332,22.745175103299164,0.1375265728698487
5,3,vlm_embed,58.491175,1406,38.60152754667691,0.6041778610192026,84.34751989509529,0.140235736416642,13.245808329205218,0.07914477696849076,30.243978856639483,0.2587934846581561,30.08371290198906,0.043662210581338456,20.834435194711,0.13627264283885765
5,3,vlm_prefill,231.725269,189,65.06853841649873,0.06348203656632734,97.74498228330894,0.03665547152736792,12.29459549791266,0.008284573401445172,32.60698644824963,0.014282063472322193,32.274913224936206,0.0032868966051324833,14.659830128409517,0.007368151981733462
5,3,vlm_total,290.216444,1595,59.73429014587471,0.13430219688034128,95.04481372530358,0.04425543509175611,12.486306055076604,0.02256597148575068,32.13073813970376,0.06356169810970158,31.833291517416566,0.009505936197054865,15.90428030673548,0.030442430753510052
5,3,action,57.8837,4695,6.243036657988346,0.014868607224486574,69.77775964563426,0.375096512489705,7.033266480891857,0.019732411715215115,37.08269186316701,0.22277121193013016,37.75657729205286,0.1564455105668756,22.746460195184483,0.12752899348175717
5,4,vlm_embed,56.012544,1398,37.68979037981207,0.625604810950918,84.7785238963615,0.11343434070766989,12.945949464462817,0.09757585729368046,30.965191225736863,0.28099723519074615,31.30652535617736,0.0664241209968992,21.779455830465405,0.14628824928930229
5,4,vlm_prefill,231.547956,190,65.0311444252179,0.04923727333616057,97.84070113320283,0.03078521669179679,12.298210578891917,0.007488733780919077,32.60431532377682,0.011793850600867017,32.254989286107104,0.003223315000887794,14.656215250718947,0.006363761639079257
5,4,vlm_total,287.5605,1588,59.70545193098496,0.11552799150091886,95.29638166924873,0.035067006769011755,12.424380559916957,0.02440708650875223,32.28503812589003,0.06368197996595626,32.07024250201262,0.011942512966832908,16.043717450762536,0.02986100316281437
5,4,action,57.90621,4712,6.245887358195261,0.025817852696627952,69.80284858912368,0.3470143184988359,7.041292082489944,0.0228340103764344,37.08058660720499,0.19732241153409547,37.76153198422069,0.14915866536594535,22.755358414926484,0.12180859358607421
5,5,vlm_embed,57.667625,1402,38.290286395529556,0.5316811469173572,84.5316044834515,0.05569199355791454,13.148194814681547,0.09159973208537764,30.469073002399526,0.2726604398915313,30.448380612171906,0.09091120017513887,21.168441634279198,0.13937934846458333
5,5,vlm_prefill,231.883511,187,65.05073923518434,0.04786791847394056,97.84962392172852,0.02646500380099326,12.300547282122185,0.007083483396108647,32.60963215275794,0.014505684278695696,32.15540105824946,0.0010670098918765802,14.631136545107772,0.0010542534867870046
5,5,vlm_total,289.551136,1589,59.721070077238444,0.10777280459365812,95.1971786185636,0.027174139631071625,12.46936658193598,0.023595417701971044,32.18331380333455,0.06560834905513957,31.81542720661265,0.018960571441169805,15.933120241669506,0.02715947900822613
5,5,action,57.965482,4707,6.267534047245566,0.02627091067749543,69.69224456720639,0.4752288957072892,7.033263261746017,0.02523945198972033,37.01299585501592,0.2762952441247677,37.66019504504422,0.22240691451509065,22.704473759055432,0.17495619203166513
5,6,vlm_embed,58.441102,1401,38.50868431604866,0.5660126497956881,84.38817250571353,0.11990196557211164,13.241130394837525,0.05733440823891378,30.257937504327007,0.23566093945319722,30.029615526414954,0.04675473094261662,20.840674770301217,0.11210936782129721
5,6,vlm_prefill,232.482298,188,65.09625398661537,0.059278250940195676,97.8393221104516,0.02638558743083763,12.306899340783357,0.007802551057027429,32.58440208208885,0.02312102489626966,32.08911383007751,0.004432896650051532,14.604181790219572,0.0076734702613787675
5,6,vlm_total,290.9234,1589,59.755305575282016,0.12258597280246164,95.13723624844204,0.030011621615855688,12.494568989637822,0.017091801484514946,32.11705860374243,0.0658163420336777,31.67539891256599,0.012081293563873885,15.856977276492712,0.02711763302642467
5,6,action,57.866085,4708,6.242081229445538,0.02167055193037548,69.8042206933474,0.3365562228721757,7.018733702133123,0.023382729279162184,37.09194684589428,0.17517182992421,37.76132520456499,0.1306600576140582,22.755315345767734,0.11297220124706797
5,7,vlm_embed,58.552005,1404,38.54308242732252,0.5339117080619147,84.38382246688222,0.08700009504370598,13.22569555047688,0.07382435494736583,30.215322344640462,0.23120583146555163,29.975447860410586,0.043499603472159976,20.80405615486609,0.11479109895553563
5,7,vlm_prefill,231.830908,187,65.06663839232343,0.06122489931324537,97.74991407099178,0.03410755307915281,12.29070573281799,0.008191246009353392,32.60291175238808,0.016906844017540834,32.192347264584754,0.0017516085473801013,14.641176839975108,0.008374090481497731
5,7,vlm_total,290.382913,1591,59.718502148919484,0.11838831577532005,95.05481244001433,0.03642170570829251,12.479234485811498,0.02142532401691355,32.12148484783607,0.060117497340485215,31.745337818826826,0.009215927935816381,15.883842728032693,0.025073310701309026
5,7,action,57.812003,4707,6.260920124147922,0.025518749108208283,69.77528068003456,0.3188814440489125,7.031319983844877,0.024085949763754222,37.1025198348516,0.2213734057960295,37.7852256909348,0.11427280940257845,22.765603260623923,0.12446214672755929
5,8,vlm_embed,58.208487,1401,38.475169694756026,0.5967838160782293,84.38136514353998,0.1203253745454731,13.213551659571568,0.09439329697746679,30.30588185533838,0.2447518348999509,30.203627247689845,0.049580123943094634,20.957584398302604,0.12421367351465307
5,8,vlm_prefill,231.797684,192,65.01992849505778,0.05559741485596703,97.83848463300436,0.035888167027593454,12.302978191102202,0.008453242354223178,32.608760853710685,0.01478964302334873,32.17032304343472,0.00437149320266883,14.641948036029557,0.008065041754257152
5,8,vlm_total,290.006171,1593,59.69200653319891,0.12572306952737478,95.13744360977753,0.04622613358112915,12.485743625779605,0.02534861232314789,32.14653930243436,0.060946423791790494,31.775578385882003,0.008734131385086386,15.90958877561264,0.029397036520302677
5,8,action,57.933276,4706,6.271405280101888,0.029314931197745864,69.71714175114144,0.31123596393892683,7.082014143305136,0.028255401955863846,37.064231306373905,0.23277753186268768,37.710887159220896,0.12211084006366235,22.693146681364954,0.12501728712873117
5,9,vlm_embed,57.847565,1399,38.3525256594638,0.5974655458704277,84.46737363966832,0.11768061456001533,13.173633289491097,0.05915507420234434,30.3908067176207,0.25448683967942287,30.387319932999773,0.060562134292084124,21.07881787245496,0.12468040789616452
5,9,vlm_prefill,231.632506,185,65.00706919347495,0.047988942450075456,97.85802977929185,0.024036155788948577,12.296765182862547,0.007546432192034658,32.62659054856489,0.019608413682668413,32.23177610917873,0.0025269337629083566,14.655171265124594,0.004492901354700152
5,9,vlm_total,289.480071,1584,59.6806215582281,0.11894845776792806,95.18213969555093,0.027872474855087148,12.471992046043129,0.017413924152311466,32.179807977178505,0.06654478815573128,31.863193573695096,0.012925988262590948,15.938825484812044,0.02851028732820815
5,9,action,58.01263,4721,6.290103017222284,0.02692544709660627,69.7474298096811,0.36849594648613504,7.080407576763887,0.024039334193260764,37.00590695508892,0.19022554226553723,37.67316055141786,0.16108297451778952,22.70189862104166,0.12632235428733196
