phase,batch_size,index,start,end,pid,full_ms,kernel_union_ms,kernel_sum_ms,activity_union_ms,no_recorded_cuda_ms,kernel_count,streams,vlm_embed_kernel_ms,vlm_embed_activity_ms,vlm_embed_copy_ms,vlm_prefill_kernel_ms,vlm_prefill_activity_ms,vlm_prefill_copy_ms,action_kernel_ms,action_activity_ms,action_copy_ms,vlm_mixed_kernel_ms,vlm_mixed_activity_ms,vlm_mixed_copy_ms,mixed_kernel_ms,mixed_activity_ms,mixed_copy_ms,unattributed_kernel_ms,unattributed_activity_ms,unattributed_copy_ms,copy_union_ms,copy_bytes,h2d_copy_ms,h2d_bytes,d2h_copy_ms,d2h_bytes,d2d_copy_ms,d2d_bytes,cross_stage_overlap_ms,host_sync_union_ms,action_loop_body_count
transition,1,0,8867283,178024521,344233475047424,169.157238,100.271682,100.384546,116.901065,52.256173000000004,6569,5,14.690111,20.32564,5.635529,50.791082,55.021394,4.230312,34.672761,41.375791,6.70303,0.097184,0.097184,0.0,0.0,0.01264,0.01264,0.020544,0.068416,0.047872,16.629383,5673121526,0.038656,452755,0.016224,2699,16.574503,5672666072,0.0,82.610671,10
transition,1,1,178424747,331950526,344233475047424,153.525779,100.50441,100.61545000000001,117.164967,36.360811999999996,6569,5,14.724766,20.362124,5.637358,51.012458,55.239314,4.226856,34.648434,41.34836,6.699926,0.09808,0.09808,0.0,0.0,0.012352,0.012352,0.020672,0.104737,0.084065,16.660557,5673121526,0.074753,452755,0.016224,2699,16.56958,5672666072,0.0,85.163422,10
transition,1,2,332368874,486071365,344233475047424,153.702491,100.315884,100.428493,116.978086,36.724405000000004,6569,5,14.740192,20.378857,5.638665,50.858889,55.08488,4.225991,34.598371,41.297357,6.698986,0.097632,0.097632,0.0,0.0,0.012384,0.012384,0.0208,0.106976,0.086176,16.662202,5673121526,0.077056,452755,0.016064,2699,16.569082,5672666072,-1.4210854715202004e-14,84.251103,10
profile,1,0,486470399,640404150,344233475047424,153.933751,100.324147,100.438419,116.995811,36.93794,6569,5,14.702464,20.341547,5.639083,50.83444,55.063473,4.229033,34.668619,41.370727,6.702108,0.097632,0.097632,0.0,0.0,0.012416,0.012416,0.020992,0.110016,0.089024,16.671664,5673121526,0.079456,452755,0.01648,2699,16.575728,5672666072,1.4210854715202004e-14,85.138844,10
profile,1,1,640776565,795533962,344233475047424,154.757397,100.513234,100.623922,117.188744,37.568653,6569,5,14.721919,20.363307,5.641388,51.012139,55.24501,4.232871,34.660776,41.359979,6.699203,0.09776,0.09776,0.0,0.0,0.0128,0.0128,0.02064,0.109888,0.089248,16.67551,5673121526,0.080032,452755,0.016576,2699,16.578902,5672666072,0.0,84.563909,10
profile,1,2,795887471,949502522,344233475047424,153.615051,100.354895,100.466959,117.010316,36.60473499999999,6569,5,14.73222,20.370345,5.638125,50.891594,55.120498,4.228904,34.612777,41.313297,6.70052,0.097568,0.097568,0.0,0.0,0.01232,0.01232,0.020736,0.096288,0.075552,16.655421,5673121526,0.066176,452755,0.016224,2699,16.573021,5672666072,-1.4210854715202004e-14,84.396864,10
profile,1,3,949892483,1108772173,344233475047424,158.87969,100.263854,100.377518,116.919307,41.96038300000001,6569,5,14.737183,20.37745,5.640267,50.805479,55.034575,4.229096,34.602855,41.301136,6.698281,0.097409,0.097409,0.0,0.0,0.012128,0.012128,0.020928,0.096609,0.075681,16.655453,5673121526,0.066241,452755,0.01616,2699,16.573052,5672666072,0.0,83.054089,10
profile,1,4,1109133760,1255407473,344233475047424,146.273713,100.474947,100.58758700000001,117.143693,29.130019999999988,6569,5,14.728413,20.36494,5.636527,50.916168,55.145329,4.229161,34.711805,41.414511,6.702706,0.097505,0.097505,0.0,0.0,0.012096,0.012096,0.021056,0.109312,0.088256,16.668746,5673121526,0.079296,452755,0.015616,2699,16.573834,5672666072,0.0,89.59612,10
profile,1,5,1255741660,1398027666,344233475047424,142.286006,100.545003,100.657739,117.22116,25.06484599999999,6569,5,14.779325,20.420392,5.641067,50.94548,55.17365,4.22817,34.702853,41.409549,6.706696,0.096385,0.096385,0.0,0.0,0.011744,0.011744,0.02096,0.10944,0.08848,16.676157,5673121526,0.079488,452755,0.015232,2699,16.581437,5672666072,0.0,93.236777,10
profile,1,6,1398292389,1538661994,344233475047424,140.369605,100.4283,100.540109,117.095497,23.274108000000012,6569,5,14.809565,20.451303,5.641738,50.836361,55.062962,4.226601,34.663461,41.363503,6.700042,0.098016,0.098016,0.0,0.0,0.011488,0.011488,0.020897,0.108225,0.087328,16.667197,5673121526,0.0784,452755,0.01488,2699,16.573917,5672666072,1.4210854715202004e-14,94.394608,10
profile,1,7,1538944131,1679397050,344233475047424,140.452919,100.497412,100.61014800000001,117.18324,23.26967900000001,6569,5,14.849598,20.496587,5.646989,50.873228,55.107666,4.234438,34.656442,41.362027,6.705585,0.097184,0.097184,0.0,0.0,0.011712,0.011712,0.02096,0.108064,0.087104,16.685828,5673121526,0.078112,452755,0.015136,2699,16.59258,5672666072,0.0,89.436251,10
profile,1,8,1679701933,1826170039,344233475047424,146.468106,100.346993,100.46085,117.001863,29.466243000000006,6569,5,14.750013,20.392297,5.642284,50.885576,55.11752,4.231944,34.593004,41.287246,6.694242,0.097568,0.097568,0.0,0.0,0.011936,0.011936,0.020832,0.095296,0.074464,16.65487,5673121526,0.065408,452755,0.01552,2699,16.573942,5672666072,1.4210854715202004e-14,86.870527,10
profile,1,9,1826573131,1978679435,344233475047424,152.106304,100.306692,100.41994,116.984618,35.121686,6569,5,14.717664,20.359531,5.641867,50.819529,55.052338,4.232809,34.651579,41.353676,6.702097,0.096896,0.096896,0.0,0.0,0.011776,0.011776,0.021024,0.110401,0.089377,16.677926,5673121526,0.080257,452755,0.015424,2699,16.582245,5672666072,0.0,88.945998,10
transition,2,0,1978992031,2192253375,344233475047424,213.261344,169.00529,169.180586,185.810083,27.451261000000017,7967,5,21.870093,27.701625,5.764108,100.462054,104.638538,4.157348,46.644311,53.275775,6.631464,0.0,0.0,0.0,0.0,0.012384,0.012384,0.028832,0.181761,0.152929,16.718233,5673429473,0.143041,905470,0.016224,5387,16.558968,5672518616,0.0,163.095683,10
transition,2,1,2192608406,2401078931,344233475047424,208.470525,168.583047,168.75674399999997,185.35149,23.119034999999997,7967,5,21.956077,27.780854,5.756329,99.97281,104.150319,4.158181,46.625104,53.252381,6.627277,0.0,0.0,0.0,0.0,0.01184,0.01184,0.029056,0.156096,0.12704,16.680667,5673429473,0.117184,905470,0.015552,5387,16.547931,5672518616,0.0,163.269234,10
transition,2,2,2401427925,2611344443,344233475047424,209.916518,169.569507,169.743653,186.354724,23.561793999999992,7967,5,21.844105,27.672246,5.757997,101.05328,105.228999,4.156135,46.643226,53.277222,6.633996,0.0,0.0,0.0,0.0,0.011488,0.011488,0.028896,0.164769,0.135873,16.695489,5673429473,0.126048,905470,0.015232,5387,16.554209,5672518616,2.842170943040401e-14,164.612378,10
profile,2,0,2611667979,2820094505,344233475047424,208.426526,169.171684,169.34442,185.940171,22.486355000000003,7967,5,22.043624,27.871318,5.759918,100.467843,104.644558,4.157003,46.631065,53.258503,6.627438,0.0,0.0,0.0,0.0,0.012256,0.012256,0.029152,0.153536,0.124384,16.680999,5673429473,0.11456,905470,0.015968,5387,16.550471,5672518616,0.0,164.247364,10
profile,2,1,2820423346,3031967822,344233475047424,211.544476,169.276749,169.450605,186.083594,25.460881999999998,7967,5,21.902508,27.731831,5.761227,100.609095,104.787149,4.158726,46.736026,53.369734,6.633708,0.0,0.0,0.0,0.0,0.011872,0.011872,0.02912,0.183008,0.153888,16.719421,5673429473,0.143968,905470,0.01568,5387,16.559773,5672518616,0.0,164.120812,10
profile,2,2,3032344778,3244119563,344233475047424,211.774785,168.953215,169.126463,185.746591,26.028194000000013,7967,5,21.869706,27.698806,5.760204,100.402116,104.580427,4.158503,46.652209,53.283357,6.631148,0.0,0.0,0.0,0.0,0.011968,0.011968,0.029184,0.172033,0.142849,16.704672,5673429473,0.132993,905470,0.015744,5387,16.555935,5672518616,0.0,163.674145,10
profile,2,3,3244463993,3453688143,344233475047424,209.22415,169.525186,169.69933000000003,186.299361,22.924789000000004,7967,5,21.91928,27.755225,5.765577,100.86067,105.03953,4.159916,46.716083,53.340477,6.624394,0.0,0.0,0.0,0.0,0.01184,0.01184,0.029153,0.152289,0.123136,16.684863,5673429473,0.1128,905470,0.015968,5387,16.556095,5672518616,0.0,164.266197,10
profile,2,4,3454022175,3663884581,344233475047424,209.862406,168.610813,168.78342100000003,185.409405,24.453001,7967,5,21.979531,27.806232,5.759245,100.013219,104.190601,4.158374,46.589391,53.221244,6.631853,0.0,0.0,0.0,0.0,0.011712,0.011712,0.028672,0.179616,0.150944,16.712128,5673429473,0.14096,905470,0.015552,5387,16.555616,5672518616,0.0,163.750227,10
profile,2,5,3664248755,3873548104,344233475047424,209.299349,169.471394,169.646658,186.253415,23.045934000000017,7967,5,21.89118,27.718201,5.759373,100.821504,104.996653,4.156333,46.72927,53.365441,6.636171,0.0,0.0,0.0,0.0,0.01216,0.01216,0.02944,0.16096,0.13152,16.695557,5673429473,0.121568,905470,0.016,5387,16.557989,5672518616,0.0,164.350076,10
profile,2,6,3873881451,4085946549,344233475047424,212.065098,169.042448,169.216881,185.797912,26.26718600000001,7967,5,21.952329,27.783192,5.763311,100.417498,104.594182,4.156236,46.643341,53.27417,6.630829,0.0,0.0,0.0,0.0,0.011904,0.011904,0.02928,0.134464,0.105184,16.667464,5673429473,0.095264,905470,0.015712,5387,16.556488,5672518616,0.0,162.298143,10
profile,2,7,4086336860,4298441491,344233475047424,212.104631,169.482218,169.653227,186.264522,25.840109000000012,7967,5,21.848585,27.683124,5.766699,100.833647,105.008281,4.155562,46.77093,53.406653,6.635723,0.0,0.0,0.0,0.0,0.011648,0.011648,0.029056,0.154816,0.12576,16.695392,5673429473,0.116224,905470,0.015168,5387,16.564,5672518616,2.842170943040401e-14,163.616284,10
profile,2,8,4298832815,4511398033,344233475047424,212.565218,169.5339,169.70772499999998,186.318505,26.246713,7967,5,21.882988,27.707349,5.756521,100.876272,105.051161,4.156169,46.746352,53.368283,6.621931,0.0,0.0,0.0,0.0,0.01184,0.01184,0.028288,0.179872,0.151584,16.698045,5673429473,0.14128,905470,0.015936,5387,16.540829,5672518616,0.0,163.643392,10
profile,2,9,4511759147,4721658187,344233475047424,209.89904,169.407607,169.58386299999998,186.202674,23.696366000000012,7967,5,22.038667,27.868628,5.760521,100.596125,104.778815,4.163298,46.743279,53.374622,6.631343,0.0,0.0,0.0,0.0,0.011617,0.011617,0.029536,0.168992,0.139456,16.706235,5673429473,0.12976,905470,0.015105,5387,16.56137,5672518616,0.0,164.071055,10
transition,3,0,4722030920,4983419200,344233475047424,261.38828,219.7402,220.01146400000002,236.676588,24.711692,8132,5,29.709653,35.552672,5.771467,143.900545,148.104906,4.182569,46.092178,52.769634,6.677456,0.0,0.0,0.0,0.0,0.014528,0.014528,0.037824,0.234848,0.197024,16.843044,5673884876,0.186816,1358185,0.018464,8075,16.637764,5672518616,0.0,213.610355,10
transition,3,1,4983874415,5248329082,344233475047424,264.454667,219.196014,219.47099300000002,236.126764,28.327902999999964,8132,5,29.748023,35.586466,5.768363,143.314017,147.511946,4.177481,46.096918,52.773856,6.676938,0.0,0.0,0.0,0.0,0.013888,0.013888,0.037056,0.240608,0.203552,16.840222,5673884876,0.19344,1358185,0.01776,8075,16.629022,5672518616,0.0,212.19301,10
transition,3,2,5248742390,5511058078,344233475047424,262.315688,220.143117,220.41607699999997,237.099339,25.216349000000037,8132,5,30.092794,35.945347,5.780873,143.887041,148.0946,4.186119,46.125682,52.801791,6.676109,0.0,0.0,0.0,0.0,0.013504,0.013504,0.0376,0.244097,0.206497,16.863102,5673884876,0.196449,1358185,0.017312,8075,16.649341,5672518616,5.684341886080802e-14,214.256965,10
profile,3,0,5511486413,5773020439,344233475047424,261.534026,219.861237,220.133686,236.790226,24.743799999999993,8132,5,30.023703,35.868739,5.774956,143.642407,147.845485,4.18231,46.157751,52.83437,6.676619,0.0,0.0,0.0,0.0,0.013856,0.013856,0.037376,0.227776,0.1904,16.838141,5673884876,0.179872,1358185,0.018144,8075,16.640125,5672518616,2.842170943040401e-14,214.261394,10
profile,3,1,5773424621,6032776195,344233475047424,259.351574,218.743876,219.01206800000003,235.628802,23.72277200000002,8132,5,29.877209,35.721475,5.772266,142.808632,147.010944,4.182088,46.019923,52.692127,6.672204,0.0,0.0,0.0,0.0,0.013568,0.013568,0.038112,0.190688,0.152576,16.792702,5673884876,0.1424,1358185,0.01744,8075,16.632862,5672518616,-2.842170943040401e-14,213.031735,10
profile,3,2,6033171885,6292932906,344233475047424,259.761021,218.612605,218.88140500000003,235.541624,24.219397000000015,8132,5,29.87689,35.7216,5.77079,142.573875,146.773945,4.179782,46.125136,52.806495,6.681359,0.0,0.0,0.0,0.0,0.013856,0.013856,0.036704,0.225728,0.189024,16.834811,5673884876,0.178848,1358185,0.017696,8075,16.638267,5672518616,-2.842170943040401e-14,213.063277,10
profile,3,3,6293332122,6556068500,344233475047424,262.736378,218.935059,219.204531,235.868975,26.867402999999996,8132,5,29.88892,35.737053,5.776197,142.915658,147.116595,4.180137,46.092849,52.764862,6.672013,0.0,0.0,0.0,0.0,0.013984,0.013984,0.037632,0.236481,0.198849,16.84118,5673884876,0.188545,1358185,0.017888,8075,16.634747,5672518616,-2.842170943040401e-14,210.576075,10
profile,3,4,6556507441,6819079692,344233475047424,262.572251,219.00648,219.27537700000002,235.887152,26.685099000000008,8132,5,29.918386,35.75888,5.770253,143.033487,147.237367,4.182728,46.017615,52.684121,6.666506,0.0,0.0,0.0,0.0,0.013504,0.013504,0.036992,0.19328,0.156288,16.789279,5673884876,0.146112,1358185,0.017312,8075,16.625855,5672518616,2.842170943040401e-14,212.479151,10
profile,3,5,6819524124,7081697585,344233475047424,262.173461,219.097398,219.37042200000002,236.037334,26.136126999999988,8132,5,29.828499,35.672094,5.773291,143.136431,147.339704,4.182441,46.095059,52.774047,6.678988,0.0,0.0,0.0,0.0,0.01344,0.01344,0.037409,0.238049,0.20064,16.8488,5673884876,0.190464,1358185,0.01728,8075,16.641056,5672518616,0.0,213.180125,10
profile,3,6,7082092828,7341727420,344233475047424,259.634592,219.109339,219.385084,236.011093,23.62349900000001,8132,5,29.697621,35.542461,5.773992,143.322612,147.528155,4.183911,46.052434,52.727164,6.67473,0.0,0.0,0.0,0.0,0.013632,0.013632,0.036672,0.199681,0.163009,16.809274,5673884876,0.152929,1358185,0.017408,8075,16.638937,5672518616,0.0,212.040872,10
profile,3,7,7342141783,7603882117,344233475047424,261.740334,219.581815,219.84776800000003,236.534875,25.20545900000002,8132,5,29.890805,35.733376,5.772587,142.863986,147.062746,4.178056,46.790191,53.507999,6.717808,0.0,0.0,0.0,0.0,0.013888,0.013888,0.036833,0.216866,0.180033,16.862372,5673884876,0.169761,1358185,0.01792,8075,16.674691,5672518616,2.842170943040401e-14,214.119524,10
profile,3,8,7604275250,7866746232,344233475047424,262.470982,219.162201,219.428922,236.098327,26.37265499999998,8132,5,30.079923,35.929726,5.779595,142.86562,147.068985,4.182373,46.177426,52.85744,6.680014,0.0,0.0,0.0,0.0,0.01456,0.01456,0.039232,0.227616,0.188384,16.844926,5673884876,0.178176,1358185,0.0184,8075,16.64835,5672518616,0.0,210.902086,10
profile,3,9,7867179433,8129856158,344233475047424,262.676725,219.619611,219.887739,236.553699,26.12302599999998,8132,5,30.121458,35.96739,5.774156,143.414698,147.61925,4.183336,46.045823,52.71669,6.670867,0.0,0.0,0.0,0.0,0.013472,0.013472,0.037632,0.236897,0.199265,16.841096,5673884876,0.189057,1358185,0.017344,8075,16.634695,5672518616,0.0,213.307441,10
transition,4,0,8130317310,8445981318,344233475047424,315.664008,271.52447,271.765719,288.686678,26.97733000000005,8312,5,37.508603,43.379398,5.799019,184.072907,188.274226,4.181831,49.897712,56.776766,6.879054,0.0,0.0,0.0,0.0,0.012128,0.012128,0.045248,0.24416,0.198912,17.070944,5674340279,0.188576,1810900,0.016,10763,16.866368,5672518616,5.684341886080802e-14,263.685229,10
transition,4,1,8446473425,8760502703,344233475047424,314.029278,272.024827,272.26422,289.179479,24.849798999999962,8312,5,37.799362,43.673322,5.799816,184.30065,188.502417,4.181671,49.879023,56.758332,6.879309,0.0,0.0,0.0,0.0,0.01184,0.01184,0.045792,0.233568,0.187776,17.060412,5674340279,0.177408,1810900,0.01568,10763,16.867324,5672518616,0.0,264.300378,10
transition,4,2,8760952668,9072688129,344233475047424,311.735461,270.398875,270.642011,287.600055,24.13540599999999,8312,5,37.407199,43.279686,5.802119,183.055692,187.25909,4.18215,49.891696,56.771229,6.879533,0.0,0.0,0.0,0.0,0.012032,0.012032,0.044288,0.278018,0.23373,17.109564,5674340279,0.223393,1810900,0.016,10763,16.870171,5672518616,-5.684341886080802e-14,262.750127,10
profile,4,0,9073131775,9387789832,344233475047424,314.658057,270.580184,270.82261800000003,287.777365,26.88069200000001,8312,5,37.441856,43.313639,5.802119,183.096005,187.297869,4.1826,49.997555,56.880992,6.883437,0.0,0.0,0.0,0.0,0.012672,0.012672,0.044768,0.272193,0.227425,17.108253,5674340279,0.216993,1810900,0.016608,10763,16.874652,5672518616,5.684341886080802e-14,260.886147,10
profile,4,1,9388314413,9704811983,344233475047424,316.49757,271.979679,272.21967900000004,289.171958,27.32561199999998,8312,5,37.731424,43.604103,5.802503,184.191082,188.389267,4.179081,50.012597,56.890683,6.878086,0.0,0.0,0.0,0.0,0.011872,0.011872,0.044576,0.276033,0.231457,17.102999,5674340279,0.221153,1810900,0.015744,10763,16.866102,5672518616,-5.684341886080802e-14,264.050273,10
profile,4,2,9705298418,10021752736,344233475047424,316.454318,272.709276,272.950268,289.873176,26.581142,8312,5,37.826654,43.700518,5.802536,184.854252,189.05634,4.182728,49.983538,56.87011,6.886572,0.0,0.0,0.0,0.0,0.011776,0.011776,0.044832,0.234432,0.1896,17.073212,5674340279,0.179168,1810900,0.01568,10763,16.878364,5672518616,5.684341886080802e-14,265.058644,10
profile,4,3,10022263108,10337778589,344233475047424,315.515481,271.141758,271.380766,288.309333,27.20614800000004,8312,5,37.818652,43.698211,5.808647,183.259056,187.457082,4.178954,50.019634,56.904536,6.884902,0.0,0.0,0.0,0.0,0.012352,0.012352,0.044416,0.237152,0.192736,17.077591,5674340279,0.18224,1810900,0.016416,10763,16.878935,5672518616,5.684341886080802e-14,262.270289,10
profile,4,4,10338255463,10657898262,344233475047424,319.642799,272.708673,272.950595,289.910876,29.73192300000005,8312,5,37.573945,43.440484,5.794955,185.14204,189.345471,4.181511,49.946928,56.831225,6.884297,0.0,0.0,0.0,0.0,0.012768,0.012768,0.04576,0.280928,0.235168,17.108699,5674340279,0.224704,1810900,0.016896,10763,16.867099,5672518616,5.684341886080802e-14,257.005821,10
profile,4,5,10658527933,10988570634,344233475047424,330.042701,270.856759,271.098392,288.095953,41.946748000000014,8312,5,37.717402,43.612065,5.802021,183.142736,187.347384,4.1834,49.952461,56.829432,6.876971,0.0,0.0,0.0,0.0,0.012128,0.012128,0.04416,0.294944,0.250784,17.125304,5674340279,0.240352,1810900,0.016096,10763,16.868856,5672518616,0.0,260.61266,10
profile,4,6,10989065740,11304403588,344233475047424,315.337848,272.012856,272.252184,289.207192,26.130655999999988,8312,5,37.64156,43.514145,5.799817,184.234521,188.436959,4.182982,50.091911,56.972759,6.880848,0.0,0.0,0.0,0.0,0.011872,0.011872,0.044864,0.271457,0.226593,17.102112,5674340279,0.216257,1810900,0.015744,10763,16.870111,5672518616,-5.684341886080802e-14,264.171107,10
profile,4,7,11304851565,11618571812,344233475047424,313.720247,272.54393,272.783322,289.708371,24.011875999999972,8312,5,37.73679,43.606369,5.799083,184.716244,188.917693,4.181929,50.046128,56.930357,6.884229,0.0,0.0,0.0,0.0,0.012448,0.012448,0.044768,0.241504,0.196736,17.074425,5674340279,0.18656,1810900,0.01632,10763,16.871545,5672518616,5.684341886080802e-14,264.896322,10
profile,4,8,11619026117,11931260027,344233475047424,312.23391,270.657825,270.899361,287.806901,24.427008999999998,8312,5,37.455707,43.323651,5.79748,183.133756,187.335197,4.182401,50.023914,56.906132,6.882218,0.0,0.0,0.0,0.0,0.012032,0.012032,0.044448,0.229889,0.185441,17.059572,5674340279,0.175201,1810900,0.015936,10763,16.868435,5672518616,0.0,263.003871,10
profile,4,9,11931725386,12244281399,344233475047424,312.556013,270.403929,270.64405700000003,287.559416,24.99659700000001,8312,5,37.365817,43.234466,5.797865,183.035482,187.237924,4.183242,49.959334,56.837009,6.877675,0.0,0.0,0.0,0.0,0.012256,0.012256,0.043296,0.237761,0.194465,17.065503,5674340279,0.184193,1810900,0.016128,10763,16.865182,5672518616,-5.684341886080802e-14,263.008768,10
transition,5,0,12244756424,12620797373,344233475047424,376.040949,328.626184,328.84404000000006,345.800962,30.239986999999985,8474,5,52.909319,58.684304,5.774985,225.688657,229.893176,4.184263,49.969424,56.973977,7.004553,0.0,0.0,0.0,0.0,0.01216,0.01216,0.058784,0.237345,0.178561,17.154522,5674795682,0.168225,2263615,0.01616,13451,16.970137,5672518616,0.0,317.283456,10
transition,5,1,12621351993,12993998065,344233475047424,372.646072,328.974604,329.19530800000007,346.176358,26.46971400000001,8474,5,52.708135,58.470897,5.762762,226.211155,230.413211,4.182343,49.996306,56.995962,6.999656,0.0,0.0,0.0,0.0,0.011872,0.011872,0.059008,0.284416,0.225408,17.182041,5674795682,0.214784,2263615,0.01616,13451,16.951097,5672518616,0.0,317.349836,10
transition,5,2,12994513822,13363716997,344233475047424,369.203175,327.477966,327.704654,344.634182,24.568992999999978,8474,5,52.398057,58.163183,5.765126,225.070995,229.271769,4.18055,49.951154,56.949822,6.998668,0.0,0.0,0.0,0.0,0.01216,0.01216,0.05776,0.237248,0.179488,17.135992,5674795682,0.16928,2263615,0.01616,13451,16.950552,5672518616,0.0,316.203814,10
profile,5,0,13364233207,13735311698,344233475047424,371.078491,328.985868,329.206828,346.184516,24.89397500000001,8474,5,52.823876,58.591278,5.767402,226.152912,230.357142,4.183718,49.950744,56.950272,6.999528,0.0,0.0,0.0,0.0,0.011808,0.011808,0.058336,0.274016,0.21568,17.178136,5674795682,0.205312,2263615,0.015776,13451,16.957048,5672518616,0.0,317.782044,10
profile,5,1,13735822937,14105406586,344233475047424,369.583649,327.434371,327.654851,344.590676,24.992973000000006,8474,5,52.463594,58.229841,5.766247,224.879409,229.080981,4.18154,50.032168,57.029806,6.997638,0.0,0.0,0.0,0.0,0.012896,0.012896,0.0592,0.237152,0.177952,17.136273,5674795682,0.167616,2263615,0.01696,13451,16.951697,5672518616,5.684341886080802e-14,314.339897,10
profile,5,2,14105930329,14481711457,344233475047424,375.781128,327.962011,328.18041200000005,345.122256,30.65887200000003,8474,5,52.806594,58.575435,5.768841,225.13493,229.333942,4.17882,49.962503,56.961423,6.99892,0.0,0.0,0.0,0.0,0.011808,0.011808,0.057984,0.239648,0.181664,17.140053,5674795682,0.171232,2263615,0.01584,13451,16.952981,5672518616,0.0,316.609374,10
profile,5,3,14482247812,14855813194,344233475047424,373.565382,329.522714,329.74527399999994,346.688299,26.877083000000027,8474,5,52.833862,58.601354,5.767492,226.675219,230.874359,4.179108,49.955937,56.957386,7.001449,0.0,0.0,0.0,0.0,0.011808,0.011808,0.057696,0.243392,0.185696,17.145553,5674795682,0.175392,2263615,0.015776,13451,16.954385,5672518616,-5.684341886080802e-14,317.930983,10
profile,5,4,14856332727,15226662549,344233475047424,370.329822,327.987919,328.205839,345.140904,25.188918,8474,5,52.425535,58.184743,5.759208,225.499413,229.701499,4.18231,50.004955,57.006213,7.001258,0.0,0.0,0.0,0.0,0.011872,0.011872,0.058016,0.236577,0.178561,17.133209,5674795682,0.168193,2263615,0.015872,13451,16.949144,5672518616,5.684341886080802e-14,316.678459,10
profile,5,5,15227177732,15597419563,344233475047424,370.241831,328.161454,328.38241400000004,345.318428,24.923403000000008,8474,5,52.866496,58.633672,5.767176,225.258939,229.45766,4.178433,49.976083,56.973432,6.997349,0.0,0.0,0.0,0.0,0.012,0.012,0.059936,0.241664,0.181728,17.136686,5674795682,0.171424,2263615,0.015968,13451,16.949294,5672518616,5.684341886080802e-14,316.612666,10
profile,5,6,15597962640,15973445990,344233475047424,375.48335,327.504671,327.72534299999995,344.669685,30.813664999999958,8474,5,52.683526,58.446826,5.7633,224.712427,228.91698,4.183913,50.050286,57.057271,7.006985,0.0,0.0,0.0,0.0,0.012384,0.012384,0.058432,0.236224,0.177792,17.144374,5674795682,0.167392,2263615,0.016448,13451,16.960534,5672518616,0.0,314.575113,10
profile,5,7,15974008469,16346120148,344233475047424,372.111679,327.942266,328.159834,345.138799,26.972879999999975,8474,5,52.521114,58.285575,5.764461,225.324703,229.525249,4.180578,50.039713,57.043783,7.00407,0.0,0.0,0.0,0.0,0.011808,0.011808,0.056736,0.272384,0.215648,17.176565,5674795682,0.205248,2263615,0.01584,13451,16.955477,5672518616,0.0,315.934037,10
profile,5,8,16346678398,16718883179,344233475047424,372.204781,328.124999,328.3469830000001,345.26489,26.939891000000046,8474,5,52.721273,58.488129,5.766856,225.420482,229.621956,4.181602,49.92417,56.923827,6.999657,0.0,0.0,0.0,0.0,0.011808,0.011808,0.059074,0.21917,0.160096,17.120019,5674795682,0.149696,2263615,0.015808,13451,16.954515,5672518616,5.684341886080802e-14,316.711318,10
profile,5,9,16719409067,17090023213,344233475047424,370.614146,328.658623,328.878015,345.854195,24.759951,8474,5,52.526878,58.283811,5.756933,226.070082,230.271815,4.180805,50.003615,57.002953,6.999338,0.0,0.0,0.0,0.0,0.011872,0.011872,0.058048,0.283744,0.225696,17.174644,5674795682,0.215328,2263615,0.015936,13451,16.94338,5672518616,0.0,317.309863,10
after_traced,5,0,17090575870,17460846678,344233475047424,370.270808,327.865238,328.08831,345.025382,25.24542600000001,8474,5,52.541598,58.306756,5.765158,225.268222,229.469571,4.181509,49.996474,56.999199,7.002725,0.0,0.0,0.0,0.0,0.011904,0.011904,0.058944,0.237952,0.179008,17.140304,5674795682,0.168576,2263615,0.015936,13451,16.955792,5672518616,0.0,316.700854,10
after_traced,5,1,17461374197,17836479152,344233475047424,375.104955,329.239257,329.46175300000004,346.40504,28.699915000000033,8474,5,52.763355,58.525026,5.761671,226.357565,230.561252,4.183687,50.060993,57.069673,7.00868,0.0,0.0,0.0,0.0,0.012256,0.012256,0.057344,0.236833,0.179489,17.145783,5674795682,0.169185,2263615,0.016256,13451,16.960342,5672518616,0.0,316.039808,10
after_traced,5,2,17836999905,18208800809,344233475047424,371.800904,327.978316,328.201004,345.188698,26.612206000000015,8474,5,52.670143,58.433252,5.763109,225.193803,229.395407,4.181732,50.055682,57.058215,7.002533,0.0,0.0,0.0,0.0,0.011904,0.011904,0.058688,0.28992,0.231232,17.19051,5674795682,0.220896,2263615,0.015904,13451,16.95371,5672518616,5.684341886080802e-14,314.213658,10
after_traced,5,3,18209372227,18582049258,344233475047424,372.677031,327.756839,327.975911,344.915096,27.761934999999994,8474,5,52.336468,58.097209,5.760741,225.30943,229.508667,4.179301,50.051901,57.057092,7.005191,0.0,0.0,0.0,0.0,0.011904,0.011904,0.05904,0.240224,0.181184,17.138321,5674795682,0.170752,2263615,0.016096,13451,16.951473,5672518616,5.684341886080802e-14,316.1223,10
after_traced,5,4,18582581318,18955425731,344233475047424,372.844413,329.649127,329.869959,346.801439,26.04297399999996,8474,5,52.812851,58.574971,5.76212,226.786172,230.986338,4.18039,49.990872,56.99005,6.999178,0.0,0.0,0.0,0.0,0.011808,0.011808,0.059232,0.238272,0.17904,17.132536,5674795682,0.168512,2263615,0.016,13451,16.948024,5672518616,-5.684341886080802e-14,318.208014,10
after_traced,5,5,18955931249,19325717639,344233475047424,369.78639,327.9811,328.205868,345.217151,24.569238999999982,8474,5,52.351254,58.116568,5.765314,225.574907,229.774465,4.179878,49.996315,56.992742,6.996427,0.0,0.0,0.0,0.0,0.012032,0.012032,0.058624,0.321344,0.26272,17.216371,5674795682,0.252384,2263615,0.016064,13451,16.947923,5672518616,0.0,316.806568,10
after_traced,5,6,19326208952,19700516044,344233475047424,374.307092,327.802925,328.025934,345.015387,29.291705000000036,8474,5,52.675252,58.447642,5.77239,225.23094,229.433215,4.182179,49.838813,56.83997,7.001157,0.0,0.0,0.0,0.0,0.012192,0.012192,0.05792,0.282368,0.224448,17.192366,5674795682,0.214144,2263615,0.01616,13451,16.962062,5672518616,5.684341886080802e-14,312.099497,10
after_traced,5,7,19701056200,20079001990,344233475047424,377.94579,328.629453,328.84926199999995,345.798008,32.14778200000001,8474,5,52.915155,58.684952,5.769797,225.705593,229.906011,4.180034,49.949761,56.951332,7.001571,0.0,0.0,0.0,0.0,0.011744,0.011744,0.058944,0.243969,0.185025,17.148171,5674795682,0.174721,2263615,0.015712,13451,16.957738,5672518616,0.0,316.195876,10
after_traced,5,8,20079586629,20453083657,344233475047424,373.497028,329.016596,329.23269200000004,346.189893,27.307135000000017,8474,5,53.103889,58.873877,5.769988,225.75793,229.961998,4.184132,50.096761,57.103682,7.006921,0.0,0.0,0.0,0.0,0.011808,0.011808,0.058016,0.238528,0.180512,17.153361,5674795682,0.169792,2263615,0.016128,13451,16.967441,5672518616,-5.684341886080802e-14,317.452368,10
after_traced,5,9,20453610568,20823708667,344233475047424,370.098099,327.840618,328.058634,344.99625,25.101849000000016,8474,5,52.491534,58.256565,5.765031,225.250828,229.450959,4.179875,50.038672,57.038326,6.999654,0.0,0.0,0.0,0.0,0.011904,0.011904,0.059584,0.238496,0.178912,17.135376,5674795682,0.168544,2263615,0.015936,13451,16.950896,5672518616,5.684341886080802e-14,316.579407,10
after_traced,4,0,20824219943,21137504843,344233475047424,313.2849,271.625336,271.862808,288.822086,24.46281399999998,8312,5,37.925569,43.800998,5.804005,183.649547,187.854829,4.184994,50.005356,56.883539,6.878183,0.0,0.0,0.0,0.0,0.012032,0.012032,0.044864,0.270688,0.225824,17.105038,5674340279,0.215328,1810900,0.015968,10763,16.873742,5672518616,-5.684341886080802e-14,263.800066,10
after_traced,4,1,21137960396,21454688402,344233475047424,316.728006,272.183074,272.42333,289.391883,27.336122999999986,8312,5,37.917478,43.791688,5.80109,184.174473,188.383342,4.189285,50.046003,56.932117,6.886114,0.0,0.0,0.0,0.0,0.012192,0.012192,0.04512,0.272544,0.227424,17.116105,5674340279,0.217056,1810900,0.016128,10763,16.882921,5672518616,0.0,260.458344,10
after_traced,4,2,21455160432,21769444292,344233475047424,314.28386,271.313145,271.555065,288.522217,25.761642999999992,8312,5,37.428676,43.298247,5.798019,183.770568,187.975468,4.18474,50.069357,56.962485,6.893128,0.0,0.0,0.0,0.0,0.011841,0.011841,0.044544,0.274176,0.229632,17.11736,5674340279,0.219296,1810900,0.015777,10763,16.882287,5672518616,0.0,262.251057,10
after_traced,4,3,21769899207,22083232143,344233475047424,313.332936,271.398193,271.635761,288.590496,24.742440000000045,8312,5,37.812447,43.682501,5.799398,183.339752,187.539373,4.180581,50.20065,57.092014,6.891364,0.0,0.0,0.0,0.0,0.012288,0.012288,0.045344,0.26432,0.218976,17.102607,5674340279,0.208224,1810900,0.016544,10763,16.877839,5672518616,5.684341886080802e-14,263.478123,10
after_traced,4,4,22083699972,22397295209,344233475047424,313.595237,272.062957,272.303534,289.267358,24.327878999999996,8312,5,38.036765,43.916259,5.809702,183.824652,188.02984,4.18586,50.1561,57.042891,6.886791,0.0,0.0,0.0,0.0,0.012416,0.012416,0.04544,0.265952,0.220512,17.115281,5674340279,0.209984,1810900,0.016352,10763,16.888945,5672518616,0.0,264.291119,10
after_traced,4,5,22397750235,22710838161,344233475047424,313.087926,271.946224,272.18872,289.142882,23.945043999999996,8312,5,37.686588,43.558755,5.801895,184.168912,188.372531,4.183971,50.04586,56.935596,6.889736,0.0,0.0,0.0,0.0,0.01184,0.01184,0.044864,0.26416,0.219296,17.106738,5674340279,0.20896,1810900,0.015808,10763,16.88197,5672518616,0.0,264.431481,10
after_traced,4,6,22711296931,23027496515,344233475047424,316.199584,270.989393,271.23217700000004,288.198396,28.001188000000013,8312,5,37.316541,43.204546,5.800229,183.363468,187.563471,4.180131,50.263848,57.158603,6.894755,0.0,0.0,0.0,0.0,0.01184,0.01184,0.045536,0.259936,0.2144,17.101355,5674340279,0.203936,1810900,0.015808,10763,16.881611,5672518616,-5.684341886080802e-14,261.470695,10
after_traced,4,7,23027987659,23342476552,344233475047424,314.488893,271.313652,271.55553999999995,288.509026,25.979867000000013,8312,5,37.962463,43.836835,5.8033,183.279823,187.481298,4.182243,50.026566,56.913293,6.886727,0.0,0.0,0.0,0.0,0.011904,0.011904,0.0448,0.265696,0.220896,17.10507,5674340279,0.210496,1810900,0.01584,10763,16.878734,5672518616,0.0,263.268122,10
after_traced,4,8,23342937440,23656481332,344233475047424,313.543892,272.573971,272.81058,289.789344,23.754548,8312,5,38.550752,44.431907,5.810307,183.88929,188.094704,4.18583,50.087977,56.970317,6.88234,0.0,0.0,0.0,0.0,0.012128,0.012128,0.045952,0.280288,0.234336,17.124941,5674340279,0.223776,1810900,0.016032,10763,16.885133,5672518616,0.0,264.450141,10
after_traced,4,9,23656941051,23971875080,344233475047424,314.934029,272.983666,273.224787,290.172159,24.761869999999988,8312,5,37.590269,43.459074,5.798181,185.361678,189.561905,4.181443,49.985927,56.872332,6.886405,0.0,0.0,0.0,0.0,0.01184,0.01184,0.045792,0.267008,0.221216,17.099085,5674340279,0.210592,1810900,0.016096,10763,16.872397,5672518616,0.0,265.22297,10
after_traced,3,0,23972351618,24235335619,344233475047424,262.984001,220.4924,220.74616,237.45747,25.526530999999977,8132,5,30.857624,36.721533,5.792965,143.251706,147.451805,4.178915,46.346046,53.033316,6.68727,0.0,0.0,0.0,0.0,0.01424,0.01424,0.037024,0.236576,0.199552,16.872942,5673884876,0.189152,1358185,0.01808,8075,16.66571,5672518616,2.842170943040401e-14,212.153989,10
after_traced,3,1,24235754483,24501254370,344233475047424,265.499887,219.622466,219.895394,236.558609,28.94127800000001,8132,5,29.810964,35.648119,5.767203,143.482385,147.688405,4.184804,46.291548,52.976676,6.685128,0.0,0.0,0.0,0.0,0.013536,0.013536,0.037569,0.231873,0.194304,16.844975,5673884876,0.18416,1358185,0.017376,8075,16.643439,5672518616,0.0,213.485505,10
after_traced,3,2,24501702497,24765885107,344233475047424,264.18261,221.356206,221.627791,238.306072,25.87653800000001,8132,5,30.24101,36.09116,5.777702,144.933116,149.138301,4.183809,46.145056,52.825251,6.680195,0.0,0.0,0.0,0.0,0.013664,0.013664,0.037024,0.237696,0.200672,16.856042,5673884876,0.190464,1358185,0.017536,8075,16.648042,5672518616,2.842170943040401e-14,215.35786,10
after_traced,3,3,24766291006,25025930339,344233475047424,259.639333,219.714217,219.983113,236.667281,22.97205200000002,8132,5,30.115889,35.968245,5.781956,143.278419,147.484183,4.184964,46.282341,52.965029,6.682688,0.0,0.0,0.0,0.0,0.013632,0.013632,0.037568,0.236192,0.198624,16.861864,5673884876,0.188352,1358185,0.017536,8075,16.655976,5672518616,0.0,212.720418,10
after_traced,3,4,25026342062,25287927374,344233475047424,261.585312,220.545259,220.80669999999998,237.4684,24.116911999999985,8132,5,30.483542,36.333176,5.777506,143.754704,147.960531,4.185251,46.269765,52.952261,6.682496,0.0,0.0,0.0,0.0,0.013824,0.013824,0.037248,0.208608,0.17136,16.830437,5673884876,0.160768,1358185,0.017984,8075,16.651685,5672518616,0.0,214.809399,10
after_traced,3,5,25288323470,25550454126,344233475047424,262.130656,220.246382,220.507726,237.160792,24.969864,8132,5,30.163573,36.012408,5.777379,143.774903,147.977466,4.182051,46.271106,52.955046,6.68394,0.0,0.0,0.0,0.0,0.01424,0.01424,0.0368,0.201632,0.164832,16.822442,5673884876,0.154496,1358185,0.018176,8075,16.64977,5672518616,0.0,213.433864,10
after_traced,3,6,25551250480,25814965506,344233475047424,263.715026,219.606538,219.88228199999998,236.498869,27.21615700000001,8132,5,29.555733,35.391609,5.765252,143.882776,148.084601,4.181473,46.131005,52.810787,6.679782,0.0,0.0,0.0,0.0,0.013664,0.013664,0.037024,0.198208,0.161184,16.801355,5673884876,0.151104,1358185,0.017472,8075,16.632779,5672518616,-2.842170943040401e-14,212.964869,10
after_traced,3,7,25815386692,26078873599,344233475047424,263.486907,220.772265,221.03360899999998,237.727379,25.75952799999996,8132,5,30.518932,36.377272,5.787044,143.804727,148.006489,4.180802,46.411006,53.09933,6.688324,0.0,0.0,0.0,0.0,0.014016,0.014016,0.0376,0.230272,0.192672,16.862858,5673884876,0.1824,1358185,0.017856,8075,16.662602,5672518616,0.0,214.582073,10
after_traced,3,8,26079267576,26340358754,344233475047424,261.091178,220.397212,220.66406,237.303973,23.787205,8132,5,30.052369,35.896373,5.7737,143.983151,148.188111,4.18448,46.323964,53.009441,6.685477,0.0,0.0,0.0,0.0,0.0136,0.0136,0.037728,0.196448,0.15872,16.815977,5673884876,0.148512,1358185,0.01744,8075,16.650025,5672518616,-2.842170943040401e-14,214.648,10
after_traced,3,9,26340758070,26602727433,344233475047424,261.969363,220.62041,220.88745,237.570276,24.39908699999998,8132,5,30.173586,36.022741,5.779075,144.127501,148.333327,4.18445,46.281755,52.968799,6.687044,0.0,0.0,0.0,0.0,0.013505,0.013505,0.037568,0.231904,0.194336,16.85841,5673884876,0.184224,1358185,0.017281,8075,16.656905,5672518616,-2.842170943040401e-14,214.950831,10
after_traced,2,0,26603126960,26814195630,344233475047424,211.06867,169.68127,169.85643800000003,186.493888,24.574782,7967,5,21.940271,27.777329,5.769026,100.947127,105.12265,4.156259,46.765168,53.400437,6.635269,0.0,0.0,0.0,0.0,0.011936,0.011936,0.028704,0.181536,0.152832,16.725322,5673429473,0.142944,905470,0.015712,5387,16.566666,5672518616,-2.842170943040401e-14,163.368899,10
after_traced,2,1,26814572467,27035103309,344233475047424,220.530842,169.937046,170.109398,186.7656,33.765242,7967,5,22.537357,28.397616,5.783427,100.634904,104.817979,4.163939,46.736465,53.370421,6.633956,0.0,0.0,0.0,0.0,0.012,0.012,0.02832,0.167584,0.139264,16.732586,5673429473,0.129216,905470,0.015744,5387,16.587626,5672518616,0.0,162.956214,10
after_traced,2,2,27035502576,27248057290,344233475047424,212.554714,169.98325,170.155058,186.818048,25.736665999999985,7967,5,22.485708,28.339184,5.784516,100.730391,104.91129,4.161891,46.739151,53.375893,6.636742,0.0,0.0,0.0,0.0,0.012128,0.012128,0.028,0.179553,0.151553,16.74683,5673429473,0.141472,905470,0.015968,5387,16.58939,5672518616,-2.842170943040401e-14,163.967379,10
after_traced,2,3,27248456561,27462700440,344233475047424,214.243879,170.205811,170.37499499999998,187.04566,27.198218999999995,7967,5,22.494252,28.344591,5.781411,100.746615,104.927799,4.161216,46.936144,53.577878,6.641734,0.0,0.0,0.0,0.0,0.012576,0.012576,0.0288,0.182816,0.154016,16.750953,5673429473,0.143136,905470,0.017248,5387,16.590569,5672518616,0.0,156.621326,10
after_traced,2,4,27463205062,27689516394,344233475047424,226.311332,171.365587,171.53105900000003,188.232609,38.078723,7967,5,23.426158,29.300625,5.792771,101.12027,105.304053,4.159527,46.789879,53.429275,6.639396,0.0,0.0,0.0,0.0,0.013344,0.013344,0.02928,0.185312,0.156032,16.76107,5673429473,0.145504,905470,0.017472,5387,16.598094,5672518616,0.0,151.561659,10
after_traced,2,5,27690004290,27913021243,344233475047424,223.016953,169.815896,169.989176,186.656769,36.360184000000004,7967,5,22.128908,27.986193,5.776037,100.910359,105.0918,4.158497,46.747925,53.382616,6.634691,0.0,0.0,0.0,0.0,0.011936,0.011936,0.028704,0.184224,0.15552,16.736681,5673429473,0.145632,905470,0.01568,5387,16.575369,5672518616,-2.842170943040401e-14,154.60422,10
after_traced,2,6,27913470397,28138100011,344233475047424,224.629614,170.086347,170.257899,186.916283,37.71333100000001,7967,5,21.87236,27.720977,5.776585,101.353971,105.53388,4.160709,46.831312,53.467826,6.636514,0.0,0.0,0.0,0.0,0.012288,0.012288,0.028704,0.181312,0.152608,16.738704,5673429473,0.142688,905470,0.01616,5387,16.579856,5672518616,0.0,151.295348,10
after_traced,2,7,28138573206,28359153605,344233475047424,220.580399,170.091269,170.262437,186.892048,33.68835100000001,7967,5,22.025036,27.853968,5.758852,101.241903,105.426096,4.161601,46.795754,53.433936,6.638182,0.0,0.0,0.0,0.0,0.013056,0.013056,0.028576,0.164992,0.136416,16.708107,5673429473,0.126304,905470,0.01712,5387,16.564683,5672518616,2.842170943040401e-14,152.191673,10
after_traced,2,8,28359675908,28579216416,344233475047424,219.540508,169.934541,170.108493,186.741301,32.799206999999996,7967,5,21.884235,27.725902,5.763715,101.160333,105.338799,4.159074,46.861205,53.497848,6.636643,0.0,0.0,0.0,0.0,0.012096,0.012096,0.028768,0.166656,0.137888,16.709416,5673429473,0.127648,905470,0.016192,5387,16.565576,5672518616,0.0,161.638983,10
after_traced,2,9,28579572602,28789689510,344233475047424,210.116908,169.776161,169.950465,186.598057,23.518850999999984,7967,5,21.866827,27.701582,5.765315,101.054092,105.232653,4.159233,46.826538,53.467726,6.641188,0.0,0.0,0.0,0.0,0.012032,0.012032,0.028704,0.184064,0.15536,16.733128,5673429473,0.145024,905470,0.01616,5387,16.571944,5672518616,0.0,164.212555,10
after_traced,1,0,28790023673,28931063053,344233475047424,141.03938,100.648778,100.760234,117.353555,23.685824999999994,6569,5,14.742918,20.384778,5.64186,51.056794,55.287485,4.230691,34.730346,41.46318,6.732834,0.097824,0.097824,0.0,0.0,0.012448,0.012448,0.020896,0.10784,0.086944,16.704777,5673121526,0.078048,452755,0.015872,2699,16.610857,5672666072,1.4210854715202004e-14,95.632924,10
after_traced,1,1,28931349607,29074980196,344233475047424,143.630589,100.616714,100.73009099999999,117.312915,26.317673999999982,6569,5,14.829224,20.475562,5.646338,51.026587,55.253373,4.226786,34.642311,41.366891,6.72458,0.0976,0.0976,0.0,0.0,0.012,0.012,0.020992,0.107489,0.086497,16.696201,5673121526,0.077216,452755,0.015809,2699,16.603176,5672666072,1.4210854715202004e-14,93.213196,10
after_traced,1,2,29075291112,29222211145,344233475047424,146.920033,101.338564,101.450756,118.05,28.870032999999992,6569,5,15.002534,20.650315,5.647781,51.52889,55.764445,4.235555,34.687876,41.415624,6.727748,0.098016,0.098016,0.0,0.0,0.011488,0.011488,0.021248,0.110112,0.088864,16.711436,5673121526,0.079872,452755,0.014944,2699,16.61662,5672666072,1.4210854715202004e-14,95.650058,10
after_traced,1,3,29222555737,29365220348,344233475047424,142.664611,100.902703,101.01502300000001,117.60543,25.05918100000001,6569,5,15.047782,20.693898,5.646116,51.085531,55.315677,4.230146,34.64987,41.377231,6.727361,0.098144,0.098144,0.0,0.0,0.011488,0.011488,0.021376,0.108992,0.087616,16.702727,5673121526,0.078624,452755,0.014976,2699,16.609127,5672666072,1.4210854715202004e-14,95.149701,10
after_traced,1,4,29365509157,29505041151,344233475047424,139.531994,100.672458,100.78449,117.38034,22.151653999999994,6569,5,14.841289,20.483915,5.642626,51.059675,55.292476,4.232801,34.652006,41.382509,6.730503,0.097984,0.097984,0.0,0.0,0.011456,0.011456,0.021504,0.112,0.090496,16.707882,5673121526,0.081056,452755,0.015328,2699,16.611498,5672666072,-1.4210854715202004e-14,95.39767,10
after_traced,1,5,29505323539,29645998531,344233475047424,140.674992,101.450702,101.56295800000001,118.176339,22.498653000000004,6569,5,15.233032,20.885705,5.652673,51.418204,55.653245,4.235041,34.679114,41.415789,6.736675,0.098752,0.098752,0.0,0.0,0.011744,0.011744,0.0216,0.111104,0.089504,16.725637,5673121526,0.080224,452755,0.015232,2699,16.630181,5672666072,-1.4210854715202004e-14,96.300476,10
after_traced,1,6,29646265426,29786874680,344233475047424,140.609254,101.447685,101.55779700000001,118.171407,22.43784699999999,6569,5,15.224293,20.877097,5.652804,51.380186,55.614525,4.234339,34.723398,41.460425,6.737027,0.098464,0.098464,0.0,0.0,0.011936,0.011936,0.021344,0.10896,0.087616,16.723722,5673121526,0.078304,452755,0.015424,2699,16.629994,5672666072,1.4210854715202004e-14,95.174728,10
after_traced,1,7,29787131958,29933775833,344233475047424,146.643875,100.924077,101.036589,117.630483,29.01339200000001,6569,5,14.938859,20.580619,5.64176,51.111385,55.339261,4.227876,34.754281,41.492907,6.738626,0.0984,0.0984,0.0,0.0,0.012032,0.012032,0.021152,0.107264,0.086112,16.706406,5673121526,0.076928,452755,0.015712,2699,16.613766,5672666072,1.4210854715202004e-14,91.180311,10
after_traced,1,8,29934085369,30077172402,344233475047424,143.087033,100.893065,101.005865,117.592595,25.494437999999988,6569,5,14.771494,20.414506,5.643012,51.295834,55.529053,4.233219,34.708009,41.430252,6.722243,0.0968,0.0968,0.0,0.0,0.011424,0.011424,0.020928,0.11056,0.089632,16.69953,5673121526,0.080704,452755,0.014848,2699,16.603978,5672666072,0.0,94.739121,10
after_traced,1,9,30077512575,30220822939,344233475047424,143.310364,101.078788,101.190596,117.787982,25.522381999999993,6569,5,14.95767,20.606347,5.648677,51.314012,55.545309,4.231297,34.686914,41.417126,6.730212,0.098688,0.098688,0.0,0.0,0.011392,0.011392,0.021504,0.10912,0.087616,16.709194,5673121526,0.078432,452755,0.015136,2699,16.615626,5672666072,0.0,95.796206,10
