batch_size,index,action_step,kernel_union_ms,activity_union_ms,copy_union_ms,kernel_count
1,0,0,3.51165,4.185129,0.673479,463
1,0,1,3.505414,4.178886,0.673472,463
1,0,2,3.50416,4.17639,0.67223,463
1,0,3,3.501668,4.173031,0.671363,463
1,0,4,3.506176,4.179687,0.673511,463
1,0,5,3.452197,4.121128,0.668931,463
1,0,6,3.418085,4.085798,0.667713,463
1,0,7,3.415269,4.08151,0.666241,463
1,0,8,3.415976,4.084104,0.668128,463
1,0,9,3.415624,4.082664,0.66704,463
1,1,0,3.497064,4.169736,0.672672,463
1,1,1,3.498631,4.171111,0.67248,463
1,1,2,3.493766,4.164262,0.670496,463
1,1,3,3.492103,4.164807,0.672704,463
1,1,4,3.491625,4.162313,0.670688,463
1,1,5,3.495398,4.167462,0.672064,463
1,1,6,3.459336,4.128105,0.668769,463
1,1,7,3.400519,4.066249,0.66573,463
1,1,8,3.40436,4.072936,0.668576,463
1,1,9,3.40583,4.070854,0.665024,463
1,2,0,3.512744,4.187048,0.674304,463
1,2,1,3.506279,4.178471,0.672192,463
1,2,2,3.507816,4.179688,0.671872,463
1,2,3,3.471176,4.14308,0.671904,463
1,2,4,3.46196,4.132456,0.670496,463
1,2,5,3.459974,4.12884,0.668866,463
1,2,6,3.459241,4.129385,0.670144,463
1,2,7,3.444964,4.113223,0.668259,463
1,2,8,3.383656,4.050921,0.667265,463
1,2,9,3.382823,4.048041,0.665218,463
1,3,0,3.510279,4.183463,0.673184,463
1,3,1,3.505159,4.177544,0.672385,463
1,3,2,3.505223,4.177607,0.672384,463
1,3,3,3.492456,4.163912,0.671456,463
1,3,4,3.449385,4.118377,0.668992,463
1,3,5,3.445189,4.113064,0.667875,463
1,3,6,3.451462,4.122472,0.67101,463
1,3,7,3.449255,4.118119,0.668864,463
1,3,8,3.394728,4.061193,0.666465,463
1,3,9,3.377351,4.043017,0.665666,463
1,4,0,3.507716,4.178598,0.670882,463
1,4,1,3.506984,4.179112,0.672128,463
1,4,2,3.507911,4.180007,0.672096,463
1,4,3,3.505056,4.177737,0.672681,463
1,4,4,3.506881,4.178854,0.671973,463
1,4,5,3.501417,4.173193,0.671776,463
1,4,6,3.441128,4.110856,0.669728,463
1,4,7,3.404872,4.073,0.668128,463
1,4,8,3.401992,4.068137,0.666145,463
1,4,9,3.405384,4.072553,0.667169,463
1,5,0,3.508327,4.181031,0.672704,463
1,5,1,3.507113,4.180585,0.673472,463
1,5,2,3.506502,4.180006,0.673504,463
1,5,3,3.505507,4.178376,0.672869,463
1,5,4,3.507143,4.179431,0.672288,463
1,5,5,3.47607,4.14711,0.67104,463
1,5,6,3.421096,4.087273,0.666177,463
1,5,7,3.415016,4.082249,0.667233,463
1,5,8,3.418856,4.086216,0.66736,463
1,5,9,3.415015,4.085064,0.670049,463
1,6,0,3.499785,4.170761,0.670976,463
1,6,1,3.505385,4.178505,0.67312,463
1,6,2,3.509286,4.181542,0.672256,463
1,6,3,3.507528,4.178856,0.671328,463
1,6,4,3.504646,4.177158,0.672512,463
1,6,5,3.451235,4.121384,0.670149,463
1,6,6,3.417992,4.084617,0.666625,463
1,6,7,3.415847,4.08372,0.667873,463
1,6,8,3.415527,4.083241,0.667714,463
1,6,9,3.41415,4.081639,0.667489,463
1,7,0,3.509285,4.182759,0.673474,463
1,7,1,3.506403,4.179717,0.673314,463
1,7,2,3.504774,4.176681,0.671907,463
1,7,3,3.500678,4.172934,0.672256,463
1,7,4,3.500519,4.173607,0.673088,463
1,7,5,3.450246,4.119144,0.668898,463
1,7,6,3.417735,4.086729,0.668994,463
1,7,7,3.41674,4.08407,0.66733,463
1,7,8,3.412295,4.079561,0.667266,463
1,7,9,3.415495,4.084553,0.669058,463
1,8,0,3.511583,4.182247,0.670664,463
1,8,1,3.507237,4.179912,0.672675,463
1,8,2,3.505792,4.179529,0.673737,463
1,8,3,3.487362,4.157128,0.669766,463
1,8,4,3.446246,4.113926,0.66768,463
1,8,5,3.448356,4.118248,0.669892,463
1,8,6,3.448167,4.117735,0.669568,463
1,8,7,3.447141,4.117191,0.67005,463
1,8,8,3.393064,4.058793,0.665729,463
1,8,9,3.375976,4.040457,0.664481,463
1,9,0,3.496864,4.169065,0.672201,463
1,9,1,3.5041,4.177924,0.673824,463
1,9,2,3.508744,4.18164,0.672896,463
1,9,3,3.509481,4.180585,0.671104,463
1,9,4,3.506504,4.18132,0.674816,463
1,9,5,3.493,4.164424,0.671424,463
1,9,6,3.404741,4.070663,0.665922,463
1,9,7,3.40263,4.069576,0.666946,463
1,9,8,3.40359,4.070376,0.666786,463
1,9,9,3.399749,4.065927,0.666178,463
2,0,0,4.764168,5.428136,0.663968,590
2,0,1,4.757385,5.425737,0.668352,590
2,0,2,4.723207,5.389353,0.666146,590
2,0,3,4.6962,5.362283,0.666083,590
2,0,4,4.700361,5.363083,0.662722,590
2,0,5,4.692937,5.357643,0.664706,590
2,0,6,4.575851,5.233291,0.65744,590
2,0,7,4.576939,5.237419,0.66048,590
2,0,8,4.57431,5.233867,0.659557,590
2,0,9,4.546347,5.204331,0.657984,590
2,1,0,4.756519,5.422855,0.666336,590
2,1,1,4.782412,5.449708,0.667296,590
2,1,2,4.782472,5.450315,0.667843,590
2,1,3,4.780713,5.450153,0.66944,590
2,1,4,4.68337,5.345515,0.662145,590
2,1,5,4.620907,5.283787,0.66288,590
2,1,6,4.625382,5.284874,0.659492,590
2,1,7,4.617577,5.281322,0.663745,590
2,1,8,4.533032,5.189482,0.65645,590
2,1,9,4.53041,5.188491,0.658081,590
2,2,0,4.766375,5.432297,0.665922,590
2,2,1,4.748133,5.415976,0.667843,590
2,2,2,4.730791,5.396648,0.665857,590
2,2,3,4.729864,5.393994,0.66413,590
2,2,4,4.733993,5.398506,0.664513,590
2,2,5,4.625448,5.287593,0.662145,590
2,2,6,4.590568,5.24932,0.658752,590
2,2,7,4.591755,5.253227,0.661472,590
2,2,8,4.591562,5.252394,0.660832,590
2,2,9,4.520296,5.179978,0.659682,590
2,3,0,4.781995,5.447787,0.665792,590
2,3,1,4.78039,5.448392,0.668002,590
2,3,2,4.778026,5.444682,0.666656,590
2,3,3,4.716325,5.381607,0.665282,590
2,3,4,4.653513,5.313227,0.659714,590
2,3,5,4.656457,5.318953,0.662496,590
2,3,6,4.655303,5.315817,0.660514,590
2,3,7,4.573672,5.232137,0.658465,590
2,3,8,4.545097,5.202474,0.657377,590
2,3,9,4.551913,5.212009,0.660096,590
2,4,0,4.749737,5.415242,0.665505,590
2,4,1,4.742631,5.410346,0.667715,590
2,4,2,4.729319,5.39636,0.667041,590
2,4,3,4.723974,5.39015,0.666176,590
2,4,4,4.726217,5.389867,0.66365,590
2,4,5,4.644327,5.305705,0.661378,590
2,4,6,4.580423,5.239657,0.659234,590
2,4,7,4.578922,5.241034,0.662112,590
2,4,8,4.576073,5.236425,0.660352,590
2,4,9,4.51444,5.17313,0.65869,590
2,5,0,4.783913,5.451113,0.6672,590
2,5,1,4.780903,5.448426,0.667523,590
2,5,2,4.78113,5.448042,0.666912,590
2,5,3,4.739944,5.407241,0.667297,590
2,5,4,4.658408,5.320938,0.66253,590
2,5,5,4.653897,5.317674,0.663777,590
2,5,6,4.654633,5.316298,0.661665,590
2,5,7,4.553929,5.21489,0.660961,590
2,5,8,4.550056,5.207946,0.65789,590
2,5,9,4.549193,5.209609,0.660416,590
2,6,0,4.76724,5.433481,0.666241,590
2,6,1,4.764134,5.432136,0.668002,590
2,6,2,4.721288,5.387337,0.666049,590
2,6,3,4.724296,5.390056,0.66576,590
2,6,4,4.730407,5.395369,0.664962,590
2,6,5,4.62532,5.287146,0.661826,590
2,6,6,4.581514,5.24129,0.659776,590
2,6,7,4.58372,5.245641,0.661921,590
2,6,8,4.581158,5.240361,0.659203,590
2,6,9,4.540904,5.197993,0.657089,590
2,7,0,4.785032,5.450761,0.665729,590
2,7,1,4.777288,5.446792,0.669504,590
2,7,2,4.76103,5.426377,0.665347,590
2,7,3,4.699337,5.366058,0.666721,590
2,7,4,4.700967,5.362793,0.661826,590
2,7,5,4.700615,5.365896,0.665281,590
2,7,6,4.609034,5.270283,0.661249,590
2,7,7,4.574186,5.234154,0.659968,590
2,7,8,4.57508,5.235274,0.660194,590
2,7,9,4.565097,5.225001,0.659904,590
2,8,0,4.775046,5.439015,0.663969,590
2,8,1,4.777514,5.445002,0.667488,590
2,8,2,4.77175,5.436391,0.664641,590
2,8,3,4.760905,5.427626,0.666721,590
2,8,4,4.650087,5.311944,0.661857,590
2,8,5,4.648456,5.310794,0.662338,590
2,8,6,4.651433,5.310539,0.659106,590
2,8,7,4.596328,5.258472,0.662144,590
2,8,8,4.546953,5.202794,0.655841,590
2,8,9,4.544712,5.202538,0.657826,590
2,9,0,4.785513,5.451755,0.666242,590
2,9,1,4.778281,5.446218,0.667937,590
2,9,2,4.726631,5.391592,0.664961,590
2,9,3,4.720647,5.387017,0.66637,590
2,9,4,4.72244,5.386281,0.663841,590
2,9,5,4.671718,5.33604,0.664322,590
2,9,6,4.591496,5.251211,0.659715,590
2,9,7,4.589929,5.249674,0.659745,590
2,9,8,4.594921,5.255049,0.660128,590
2,9,9,4.538055,5.196137,0.658082,590
3,0,0,4.711272,5.382409,0.671137,590
3,0,1,4.702696,5.375337,0.672641,590
3,0,2,4.702506,5.37377,0.671264,590
3,0,3,4.655241,5.322954,0.667713,590
3,0,4,4.609865,5.276139,0.666274,590
3,0,5,4.607432,5.27457,0.667138,590
3,0,6,4.608713,5.276713,0.668,590
3,0,7,4.520584,5.186314,0.66573,590
3,0,8,4.511529,5.173418,0.661889,590
3,0,9,4.503561,5.168394,0.664833,590
3,1,0,4.691945,5.363946,0.672001,590
3,1,1,4.687273,5.357578,0.670305,590
3,1,2,4.68708,5.358922,0.671842,590
3,1,3,4.63812,5.306057,0.667937,590
3,1,4,4.594505,5.264297,0.669792,590
3,1,5,4.5946,5.261418,0.666818,590
3,1,6,4.594505,5.26177,0.667265,590
3,1,7,4.509096,5.169801,0.660705,590
3,1,8,4.497064,5.161289,0.664225,590
3,1,9,4.501479,5.162793,0.661314,590
3,2,0,4.700521,5.371722,0.671201,590
3,2,1,4.691463,5.363625,0.672162,590
3,2,2,4.696137,5.367625,0.671488,590
3,2,3,4.641225,5.310634,0.669409,590
3,2,4,4.601383,5.268426,0.667043,590
3,2,5,4.601863,5.271113,0.66925,590
3,2,6,4.602696,5.270218,0.667522,590
3,2,7,4.553096,5.21985,0.666754,590
3,2,8,4.50564,5.169353,0.663713,590
3,2,9,4.50692,5.169737,0.662817,590
3,3,0,4.696682,5.371146,0.674464,590
3,3,1,4.695337,5.365674,0.670337,590
3,3,2,4.699464,5.37121,0.671746,590
3,3,3,4.642153,5.310345,0.668192,590
3,3,4,4.603558,5.271817,0.668259,590
3,3,5,4.608839,5.274344,0.665505,590
3,3,6,4.602024,5.270634,0.66861,590
3,3,7,4.507464,5.16769,0.660226,590
3,3,8,4.503879,5.166728,0.662849,590
3,3,9,4.509289,5.171114,0.661825,590
3,4,0,4.686983,5.356681,0.669698,590
3,4,1,4.682664,5.352425,0.669761,590
3,4,2,4.671048,5.341033,0.669985,590
3,4,3,4.631113,5.300041,0.668928,590
3,4,4,4.633832,5.3034,0.669568,590
3,4,5,4.624586,5.293098,0.668512,590
3,4,6,4.516615,5.179336,0.662721,590
3,4,7,4.521991,5.185256,0.663265,590
3,4,8,4.525736,5.187882,0.662146,590
3,4,9,4.499015,5.160937,0.661922,590
3,5,0,4.699722,5.372682,0.67296,590
3,5,1,4.6978,5.368842,0.671042,590
3,5,2,4.659178,5.329802,0.670624,590
3,5,3,4.664072,5.332586,0.668514,590
3,5,4,4.662438,5.334249,0.671811,590
3,5,5,4.59012,5.256681,0.666561,590
3,5,6,4.530056,5.194921,0.664865,590
3,5,7,4.534055,5.198249,0.664194,590
3,5,8,4.529065,5.194634,0.665569,590
3,5,9,4.504521,5.167369,0.662848,590
3,6,0,4.700712,5.372745,0.672033,590
3,6,1,4.689575,5.361289,0.671714,590
3,6,2,4.660809,5.328714,0.667905,590
3,6,3,4.661608,5.332009,0.670401,590
3,6,4,4.662921,5.331593,0.668672,590
3,6,5,4.581832,5.250474,0.668642,590
3,6,6,4.532167,5.196201,0.664034,590
3,6,7,4.528424,5.195305,0.666881,590
3,6,8,4.535049,5.197961,0.662912,590
3,6,9,4.475305,5.136841,0.661536,590
3,7,0,4.694536,5.368394,0.673858,590
3,7,1,4.688072,5.36001,0.671938,590
3,7,2,4.666695,5.338537,0.671842,590
3,7,3,4.674632,5.345994,0.671362,590
3,7,4,4.669225,5.34129,0.672065,590
3,7,5,4.677639,5.346569,0.66893,590
3,7,6,4.670633,5.342666,0.672033,590
3,7,7,4.678118,5.349351,0.671233,590
3,7,8,4.671176,5.343818,0.672642,590
3,7,9,4.674857,5.346762,0.671905,590
3,8,0,4.701545,5.371882,0.670337,590
3,8,1,4.696457,5.370378,0.673921,590
3,8,2,4.691816,5.360714,0.668898,590
3,8,3,4.690728,5.36257,0.671842,590
3,8,4,4.693063,5.363625,0.670562,590
3,8,5,4.566409,5.233034,0.666625,590
3,8,6,4.557064,5.221129,0.664065,590
3,8,7,4.551049,5.217866,0.666817,590
3,8,8,4.525927,5.187529,0.661602,590
3,8,9,4.477864,5.143209,0.665345,590
3,9,0,4.697894,5.371111,0.673217,590
3,9,1,4.691173,5.362664,0.671491,590
3,9,2,4.68631,5.357096,0.670786,590
3,9,3,4.679529,5.350313,0.670784,590
3,9,4,4.581222,5.2466,0.665378,590
3,9,5,4.583749,5.248136,0.664387,590
3,9,6,4.583077,5.250408,0.667331,590
3,9,7,4.538247,5.201897,0.66365,590
3,9,8,4.489224,5.152137,0.662913,590
3,9,9,4.491366,5.152296,0.66093,590
4,0,0,5.118183,5.81393,0.695747,608
4,0,1,5.109289,5.801322,0.692033,608
4,0,2,5.070025,5.761706,0.691681,608
4,0,3,5.069705,5.759114,0.689409,608
4,0,4,5.06996,5.762218,0.692258,608
4,0,5,4.939464,5.62436,0.684896,608
4,0,6,4.921001,5.606889,0.685888,608
4,0,7,4.925224,5.60801,0.682786,608
4,0,8,4.920264,5.607241,0.686977,608
4,0,9,4.828072,5.509834,0.681762,608
4,1,0,5.12305,5.814058,0.691008,608
4,1,1,5.111497,5.804297,0.6928,608
4,1,2,5.078857,5.768778,0.689921,608
4,1,3,5.075847,5.767496,0.691649,608
4,1,4,5.07108,5.761737,0.690657,608
4,1,5,4.993386,5.680778,0.687392,608
4,1,6,4.917319,5.599399,0.68208,608
4,1,7,4.919176,5.604905,0.685729,608
4,1,8,4.872105,5.556714,0.684609,608
4,1,9,4.824296,5.506537,0.682241,608
4,2,0,5.134632,5.828234,0.693602,608
4,2,1,5.128776,5.821962,0.693186,608
4,2,2,5.099177,5.794314,0.695137,608
4,2,3,5.042343,5.730472,0.688129,608
4,2,4,5.041225,5.732361,0.691136,608
4,2,5,4.993834,5.681098,0.687264,608
4,2,6,4.897513,5.583882,0.686369,608
4,2,7,4.896744,5.580777,0.684033,608
4,2,8,4.899304,5.58465,0.685346,608
4,2,9,4.823846,5.506216,0.68237,608
4,3,0,5.139656,5.832874,0.693218,608
4,3,1,5.128904,5.823305,0.694401,608
4,3,2,5.118566,5.8114,0.692834,608
4,3,3,5.02177,5.712202,0.690432,608
4,3,4,5.024169,5.712393,0.688224,608
4,3,5,5.018633,5.708937,0.690304,608
4,3,6,4.912137,5.596361,0.684224,608
4,3,7,4.884872,5.569928,0.685056,608
4,3,8,4.8874,5.570632,0.683232,608
4,3,9,4.857127,5.540104,0.682977,608
4,4,0,5.127559,5.822281,0.694722,608
4,4,1,5.125608,5.818634,0.693026,608
4,4,2,5.122025,5.816649,0.694624,608
4,4,3,5.001353,5.687689,0.686336,608
4,4,4,5.000489,5.691945,0.691456,608
4,4,5,5.004425,5.693033,0.688608,608
4,4,6,4.933156,5.619784,0.686628,608
4,4,7,4.876647,5.558664,0.682017,608
4,4,8,4.872521,5.557993,0.685472,608
4,4,9,4.856681,5.538089,0.681408,608
4,5,0,5.108391,5.799432,0.691041,608
4,5,1,5.093287,5.785674,0.692387,608
4,5,2,5.081768,5.772553,0.690785,608
4,5,3,5.075269,5.767113,0.691844,608
4,5,4,5.071977,5.762825,0.690848,608
4,5,5,4.923081,5.606985,0.683904,608
4,5,6,4.92196,5.60676,0.6848,608
4,5,7,4.921992,5.607752,0.68576,608
4,5,8,4.8978,5.581129,0.683329,608
4,5,9,4.830184,5.512457,0.682273,608
4,6,0,5.137,5.832041,0.695041,608
4,6,1,5.117448,5.809545,0.692097,608
4,6,2,5.084712,5.777224,0.692512,608
4,6,3,5.089094,5.779561,0.690467,608
4,6,4,5.08356,5.774825,0.691265,608
4,6,5,4.987845,5.673129,0.685284,608
4,6,6,4.925927,5.611337,0.68541,608
4,6,7,4.925542,5.60948,0.683938,608
4,6,8,4.875047,5.559816,0.684769,608
4,6,9,4.839336,5.519401,0.680065,608
4,7,0,5.143114,5.835114,0.692,608
4,7,1,5.138504,5.830888,0.692384,608
4,7,2,5.134311,5.827496,0.693185,608
4,7,3,5.037193,5.727177,0.689984,608
4,7,4,5.028136,5.718888,0.690752,608
4,7,5,5.031849,5.720873,0.689024,608
4,7,6,4.888487,5.57204,0.683553,608
4,7,7,4.8874,5.573961,0.686561,608
4,7,8,4.88887,5.571912,0.683042,608
4,7,9,4.841992,5.525736,0.683744,608
4,8,0,5.112998,5.806312,0.693314,608
4,8,1,5.132839,5.825384,0.692545,608
4,8,2,5.129351,5.824135,0.694784,608
4,8,3,5.108168,5.800073,0.691905,608
4,8,4,4.975561,5.664041,0.68848,608
4,8,5,4.972902,5.658505,0.685603,608
4,8,6,4.973513,5.661353,0.68784,608
4,8,7,4.882856,5.564392,0.681536,608
4,8,8,4.854246,5.53748,0.683234,608
4,8,9,4.855656,5.538633,0.682977,608
4,9,0,5.113832,5.806377,0.692545,608
4,9,1,5.099623,5.793128,0.693505,608
4,9,2,5.079622,5.768583,0.688961,608
4,9,3,5.082759,5.773097,0.690338,608
4,9,4,5.08375,5.773448,0.689698,608
4,9,5,4.917383,5.602952,0.685569,608
4,9,6,4.920967,5.605064,0.684097,608
4,9,7,4.919974,5.606408,0.686434,608
4,9,8,4.881,5.564648,0.683648,608
4,9,9,4.833864,5.516744,0.68288,608
5,0,0,5.110115,5.816932,0.706817,626
5,0,1,5.105121,5.808932,0.703811,626
5,0,2,5.107623,5.812743,0.70512,626
5,0,3,5.012583,5.713095,0.700512,626
5,0,4,5.001926,5.702151,0.700225,626
5,0,5,4.995591,5.695464,0.699873,626
5,0,6,4.946887,5.645639,0.698752,626
5,0,7,4.883814,5.577255,0.693441,626
5,0,8,4.880038,5.576391,0.696353,626
5,0,9,4.876518,5.571142,0.694624,626
5,1,0,5.106502,5.810822,0.70432,626
5,1,1,5.092515,5.796356,0.703841,626
5,1,2,5.085029,5.787077,0.702048,626
5,1,3,5.085601,5.788353,0.702752,626
5,1,4,5.082461,5.784895,0.702434,626
5,1,5,4.944004,5.643269,0.699265,626
5,1,6,4.926469,5.62391,0.697441,626
5,1,7,4.923557,5.621286,0.697729,626
5,1,8,4.878151,5.571271,0.69312,626
5,1,9,4.877606,5.572294,0.694688,626
5,2,0,5.105893,5.811847,0.705954,626
5,2,1,5.103743,5.807968,0.704225,626
5,2,2,5.086595,5.792067,0.705472,626
5,2,3,5.025092,5.725797,0.700705,626
5,2,4,5.028036,5.727844,0.699808,626
5,2,5,5.027045,5.729702,0.702657,626
5,2,6,4.892387,5.587076,0.694689,626
5,2,7,4.890982,5.585766,0.694784,626
5,2,8,4.890183,5.585672,0.695489,626
5,2,9,4.881507,5.576644,0.695137,626
5,3,0,5.103586,5.808579,0.704993,626
5,3,1,5.100449,5.804867,0.704418,626
5,3,2,5.101888,5.806528,0.70464,626
5,3,3,5.008357,5.708453,0.700096,626
5,3,4,5.009538,5.710819,0.701281,626
5,3,5,5.012257,5.713027,0.70077,626
5,3,6,4.93863,5.63671,0.69808,626
5,3,7,4.886822,5.582182,0.69536,626
5,3,8,4.8905,5.586311,0.695811,626
5,3,9,4.873542,5.569542,0.696,626
5,4,0,5.112448,5.817025,0.704577,626
5,4,1,5.111842,5.817923,0.706081,626
5,4,2,5.099264,5.804768,0.705504,626
5,4,3,5.106241,5.809058,0.702817,626
5,4,4,5.016899,5.720004,0.703105,626
5,4,5,4.93466,5.631493,0.696833,626
5,4,6,4.938211,5.636484,0.698273,626
5,4,7,4.922405,5.619238,0.696833,626
5,4,8,4.86743,5.560838,0.693408,626
5,4,9,4.863779,5.557606,0.693827,626
5,5,0,5.107266,5.811202,0.703936,626
5,5,1,5.106788,5.81098,0.704192,626
5,5,2,5.07607,5.779366,0.703296,626
5,5,3,5.016676,5.716229,0.699553,626
5,5,4,5.014086,5.714535,0.700449,626
5,5,5,5.02218,5.725381,0.703201,626
5,5,6,4.952199,5.649383,0.697184,626
5,5,7,4.891302,5.587079,0.695777,626
5,5,8,4.892838,5.587271,0.694433,626
5,5,9,4.866694,5.562022,0.695328,626
5,6,0,5.106756,5.811652,0.704896,626
5,6,1,5.115811,5.821956,0.706145,626
5,6,2,5.114271,5.819968,0.705697,626
5,6,3,5.110439,5.814728,0.704289,626
5,6,4,4.969187,5.668164,0.698977,626
5,6,5,4.95815,5.655271,0.697121,626
5,6,6,4.969159,5.671495,0.702336,626
5,6,7,4.90884,5.60468,0.69584,626
5,6,8,4.883779,5.579111,0.695332,626
5,6,9,4.88311,5.579462,0.696352,626
5,7,0,5.111747,5.817284,0.705537,626
5,7,1,5.105919,5.811872,0.705953,626
5,7,2,5.106145,5.813249,0.707104,626
5,7,3,5.106493,5.808286,0.701793,626
5,7,4,5.03306,5.735716,0.702656,626
5,7,5,4.948359,5.644583,0.696224,626
5,7,6,4.944485,5.643431,0.698946,626
5,7,7,4.943303,5.641095,0.697792,626
5,7,8,4.855205,5.55031,0.695105,626
5,7,9,4.854629,5.547589,0.69296,626
5,8,0,5.120419,5.824996,0.704577,626
5,8,1,5.111331,5.817252,0.705921,626
5,8,2,5.093349,5.797766,0.704417,626
5,8,3,5.032452,5.734021,0.701569,626
5,8,4,5.027845,5.728582,0.700737,626
5,8,5,4.98746,5.687332,0.699872,626
5,8,6,4.895555,5.592837,0.697282,626
5,8,7,4.892485,5.586405,0.69392,626
5,8,8,4.898436,5.594021,0.695585,626
5,8,9,4.834278,5.530055,0.695777,626
5,9,0,5.11168,5.81549,0.70381,626
5,9,1,5.107648,5.815201,0.707553,626
5,9,2,5.11325,5.816067,0.702817,626
5,9,3,5.080645,5.783877,0.703232,626
5,9,4,4.962372,5.661796,0.699424,626
5,9,5,4.965634,5.664322,0.698688,626
5,9,6,4.960898,5.655654,0.694756,626
5,9,7,4.926662,5.626151,0.699489,626
5,9,8,4.870373,5.565541,0.695168,626
5,9,9,4.873445,5.567846,0.694401,626
